title,company,location,site,description,job_url,is_new
"2027 Graduate Analyst - AI, Data, and Platform Technologies - Dublin",KKR,"Dublin, County Dublin, Ireland",linkedin,"**Company Overview** KKR is a leading global investment firm that offers alternative asset management as well as capital markets and insurance solutions. KKR aims to generate attractive investment returns by following a patient and disciplined investment approach, employing world-class people, and supporting growth in its portfolio companies and communities. KKR sponsors investment funds that invest in private equity, credit and real assets and has strategic partners that manage hedge funds. KKR’s insurance subsidiaries offer retirement, life and reinsurance products under the management of Global Atlantic Financial Group. References to KKR’s investments may include the activities of its sponsored funds and insurance subsidiaries. **THE PROGRAMME** This is a full-time in-person graduate position based in Dublin, Ireland, offered as an 18-month fixed-term contract commencing on September 6, 2027. You will join the Technology team as a Software Engineer for the duration of the programme and take part in a structured onboarding covering KKR and alternative investments. You will work on real production initiatives across the Investment Lifecycle and asset-class platforms, attend educational and network-building programming, and have the opportunity to showcase your work to technology leaders across the firm. **THE OPPORTUNITY** As part of our continued investment in Ireland, KKR is launching a Technology & Engineering Centre of Excellence in Dublin. This new hub will play a central role in building the world’s first technology platform engineered to manage over one trillion dollars in alternative AUM (assets under management). Designed from the ground up for scale, security and speed, this is the infrastructure for the future of global finance. Areas of focus include investment technology, portfolio construction and management, liquidity solutions, risk analytics, and advanced data platforms **THE TECHNOLOGY FUNCTION** KKR's Technology organisation is a global group of passionate technologists and product managers, unified by a shared mission to deliver exceptional products and solutions that drive value for our stakeholders, clients, and investors. Our passion for technology and innovation fuels our commitment to creating high-quality, impactful solutions that address complex challenges and meet the evolving needs of our sophisticated businesses. Teamwork is at the core of the organisation's success. We thrive on open collaboration and continuous learning, driving a culture that values diversity of thought and collective achievement. Our global footprint fosters the integration of a diverse set of ideas and viewpoints in product and solution delivery, allowing us to design more comprehensive solutions that are adaptable and scalable. We optimise for impact, prioritising and delivering solutions with excellence while remaining agile in response to the evolving needs of our businesses. **TEAM YOU WILL BE JOINING — AI, Data, and Platform Technologies (ADAPT)** ADAPT is the foundation of KKR Technology, bringing together its technology pillars — spanning AI and Applied AI, Data and Platform Engineering, Infrastructure, SRE, Technology Experience, and Program Management — to accelerate modernisation, automation, and insight. It delivers secure, scalable, business-aligned platforms and experiences that enable KKR to scale. **CRITICAL COMPETENCIES FOR SUCCESS** * Currently attending a university in Ireland, the UK, or continental Europe with an outstanding academic record, and available for a 6–9 month placement starting January 2027 * Currently enrolled in a bachelor's or master's degree in computer science or a related technical field (typically undertaking a placement/internship year or a work-integrated master's) * Eligible to work in Ireland on a full-time basis without the need for current or future visa sponsorship * Proficiency with Microsoft Excel and PowerPoint for data analysis and communicating ideas * Proficiency with Java, Python, C/C++ * Curiosity about and openness to adopting emerging AI technologies in day-to-day workflows * Ability to critically evaluate AI-generated outputs for accuracy and relevance * Familiarity with effective prompt design and generating reliable results using generative AI tools * Exceptional communication and interpersonal skills * Ability to act both strategically and tactically with exceptional attention to detail * Outstanding time management and organisational skills with the ability to manage multiple tasks with competing deadlines * Team-player who enjoys working in a collaborative and collegial environment and is willing to pitch in when needed * Intellectual curiosity and an interest in financial services and alternative investments KKR is an equal opportunity employer. Individuals seeking employment are considered without regard to race, color, religion, national origin, age, sex, marital status, ancestry, physical or mental disability, veteran status, sexual orientation, or any other category protected by applicable law.",https://www.linkedin.com/jobs/view/4474950762,True
2027 Graduate Analyst - Software Engineering - Dublin,KKR,"Dublin, County Dublin, Ireland",linkedin,"**Company Overview** KKR is a leading global investment firm that offers alternative asset management as well as capital markets and insurance solutions. KKR aims to generate attractive investment returns by following a patient and disciplined investment approach, employing world-class people, and supporting growth in its portfolio companies and communities. KKR sponsors investment funds that invest in private equity, credit and real assets and has strategic partners that manage hedge funds. KKR’s insurance subsidiaries offer retirement, life and reinsurance products under the management of Global Atlantic Financial Group. References to KKR’s investments may include the activities of its sponsored funds and insurance subsidiaries. **THE PROGRAMME** This is a full-time in-person graduate position based in Dublin, Ireland, offered as an 18-month fixed-term contract commencing on September 6, 2027. You will join the Technology team as a Software Engineer for the duration of the programme and take part in a structured onboarding covering KKR and alternative investments. You will work on real production initiatives across the Investment Lifecycle and asset-class platforms, attend educational and network-building programming, and have the opportunity to showcase your work to technology leaders across the firm. **THE OPPORTUNITY** As part of our continued investment in Ireland, KKR is launching a Technology & Engineering Centre of Excellence in Dublin. This new hub will play a central role in building the world’s first technology platform engineered to manage over one trillion dollars in alternative AUM (assets under management). Designed from the ground up for scale, security and speed, this is the infrastructure for the future of global finance. Areas of focus include investment technology, portfolio construction and management, liquidity solutions, risk analytics, and advanced data platforms **THE TECHNOLOGY FUNCTION** KKR's Technology organisation is a global group of passionate technologists and product managers, unified by a shared mission to deliver exceptional products and solutions that drive value for our stakeholders, clients, and investors. Our passion for technology and innovation fuels our commitment to creating high-quality, impactful solutions that address complex challenges and meet the evolving needs of our sophisticated businesses. Teamwork is at the core of the organisation's success. We thrive on open collaboration and continuous learning, driving a culture that values diversity of thought and collective achievement. Our global footprint fosters the integration of a diverse set of ideas and viewpoints in product and solution delivery, allowing us to design more comprehensive solutions that are adaptable and scalable. We optimise for impact, prioritising and delivering solutions with excellence while remaining agile in response to the evolving needs of our businesses. **THE TEAMS** **Investment Systems** The Investment Systems team engineers all aspects of the Investment Lifecycle across an array of asset classes — from deal sourcing and portfolio construction to risk management and monetisation. They design platforms that connect data, people, and insights across Private Equity, Credit, Real Estate, Infrastructure, and Capital Markets, enabling investment teams to make faster, smarter decisions at scale. Their mandate is to transform how KKR invests by engineering shared, data-driven platforms that replace fragmented legacy tools with integrated solutions that drive efficiency, transparency, and alpha generation. **Business Operations Systems** The Business Operations Systems team is comprised of Operations Systems and Enterprise Systems. It consolidates capabilities across five core domains: Operating Platform Services, which supports the firm's core operating platforms; Client Operations and lifecycle management across Asset Management and Insurance; Finance Technology, providing an integrated fund and corporate finance technology ecosystem; Human Capital & Employee Experience, driving HR platforms, workforce data, collaboration tools, and employee experiences; and Governance, Risk & Compliance Technology, supporting the Legal, Compliance, Risk, Audit, and Tax functions. **CRITICAL COMPETENCIES FOR SUCCESS** * Recent graduate of a university in Ireland, the UK, or continental Europe with an outstanding academic record * Bachelor's or master's degree in computer science or a related technical field, with graduation between January and August 2027 * Right to work in Ireland on a full-time basis without the need for current visa sponsorship * Proficiency with Java, Python, C/C++ * Curiosity about and openness to adopting emerging AI technologies in day-to-day workflows * Ability to critically evaluate AI-generated outputs for accuracy and relevance * Familiarity with effective prompt design and generating reliable results using generative AI tools * Exceptional communication and interpersonal skills * Ability to act both strategically and tactically with exceptional attention to detail * Team-player who enjoys working in a collaborative and collegial environment and is willing to pitch in when needed * Intellectual curiosity and an interest in financial services and alternative investments KKR is an equal opportunity employer. Individuals seeking employment are considered without regard to race, color, religion, national origin, age, sex, marital status, ancestry, physical or mental disability, veteran status, sexual orientation, or any other category protected by applicable law.",https://www.linkedin.com/jobs/view/4474949722,True
2K Games - Engineering Graduate Program - Dublin,2K,"Dublin, County Dublin, Ireland",linkedin,"Founded in 2005, 2K Games is a global video game company, publishing titles developed by some of the most influential game development studios in the world. Our studios responsible for developing 2K’s portfolio of world-class games across multiple platforms, include Visual Concepts, Firaxis, Hangar 13, CatDaddy, Cloud Chamber, and HB Studios. Our portfolio of titles is expanding due to our global strategic plan, building, and acquiring exciting studios whose content continues to inspire all of us! 2K publishes titles in today’s most popular gaming genres, including sports, shooters, action, role-playing, strategy, casual, and family entertainment. Our team of engineers, marketers, artists, writers, data scientists, producers, problem solvers, and doers, are the professional publishing stewards of our growing library of critically acclaimed franchises such as NBA 2K, Battleborn, BioShock, Borderlands, PGA TOUR 2K, Mafia, Sid Meier’s Civilization, WWE 2K, and XCOM. At 2K, we pride ourselves on creating an inclusive work environment, which means encouraging our teams to Come as You Are and do your best work! We are dedicated to diversity and inclusion and want our community of candidates to reflect this commitment. We encourage all qualified applicants to explore our global positions. Kickstart your career with 2K’s Engineering Graduate Program. **Program Overview** The Engineering Graduate Program starts July 2027. Based out of our Dublin, Vancouver and US offices, launch your career in game development over a 21 month period. * Foundation Training (3 Months): Master game development fundamentals using industry-standard engines, engage in instructor-led projects, receive guided feedback & reviews, and develop essential soft skills for working in a studio environment. * Studio Rotations (18 Months): Complete 3 rotations across 2K studios (such as Hangar 13, Visual Concepts, Firaxis, HB Studios, Gearbox, and more), contributing directly to AAA titles. **What You Will Do** * Collaborate with multi-disciplinary engineering teams to build and support game features across our titles. * Write clean, efficient, and maintainable code, primarily in C++ & in the Unreal Engine. * Participate in instructor-led group projects, technical workshops, and guided reviews. * Troubleshoot, debug, and optimize systems across diverse engineering platforms and game engines. * Adapt quickly to varied studio workflows, version control tools (e.g., Perforce), and game release timelines. **Who You Are** * Graduated between January 2025 and July 2027 with a degree in Computer Science, Engineering, Physics, Mathematics, or a related technical field. * Proficiency in programming languages such as C++, C#, or Python. * Experience with the use of Unreal Engine, which will be evaluated during the assessment process. * Strong understanding of algorithms, data structures, and software design patterns. * Solid debugging, analytical, and problem-solving abilities with strong attention to detail. * Proactive, curious learner with a genuine passion for gaming and technology. **How To Apply** The next cohort of engineers will join us in July 2027. We will open recruitment starting on September 14th and encourage you to apply today and not wait before it is too late! Apply with a CV/resume and full information regarding academic history as requested on the application portal. Be sure to include any additional links (GitHub, itch.io, etc) to show us some of the cool things that you do! As an equal opportunity employer, we are committed to ensuring that qualified individuals with disabilities are provided reasonable accommodation to participate in the job application or interview process, perform their essential job functions, and receive other benefits and privileges of employment. Please contact us if you need a reasonable accommodation. Please note that 2K Games and its studios never use instant messaging apps or personal email accounts to contact prospective employees or conduct interviews and when emailing, recruiters only use 2K.com, take2games.com or zynga.com accounts.",https://www.linkedin.com/jobs/view/4467202880,True
2K Games - Technical Art Graduate Program - Dublin,2K,"Dublin, County Dublin, Ireland",linkedin,"Founded in 2005, 2K Games is a global video game company, publishing titles developed by some of the most influential game development studios in the world. Our studios responsible for developing 2K’s portfolio of world-class games across multiple platforms, include Visual Concepts, Firaxis, Hangar 13, CatDaddy, Cloud Chamber, and HB Studios. Our portfolio of titles is expanding due to our global strategic plan, building, and acquiring exciting studios whose content continues to inspire all of us! 2K publishes titles in today’s most popular gaming genres, including sports, shooters, action, role-playing, strategy, casual, and family entertainment. Our team of engineers, marketers, artists, writers, data scientists, producers, problem solvers, and doers, are the professional publishing stewards of our growing library of critically acclaimed franchises such as NBA 2K, Battleborn, BioShock, Borderlands, PGA TOUR 2K, Mafia, Sid Meier’s Civilization, WWE 2K, and XCOM. At 2K, we pride ourselves on creating an inclusive work environment, which means encouraging our teams to Come as You Are and do your best work! We are dedicated to diversity and inclusion and want our community of candidates to reflect this commitment. We encourage all qualified applicants to explore our global positions. What is Technical Art? Technical Artists make the art team more capable than it would be on its own. The art team is your customer, its problems set your priorities, and your work is judged on whether the artists it was built for actually use it. In practice that means building the tools artists use to create content, the rigs that make characters move, the shaders that give a world its look, the rules that scatter a landscape with vegetation, and the pipelines that carry all of it into the game. Program overview 21 months, starting Summer 2027, based in Dublin. **Foundation Training. Eleven weeks.** You get a brief, a deadline, and the tools art teams use every day, and you work out how to deliver. You build across all four specializations, including the ones you are weakest in: Pipeline and Tools, Character and Animation, Rendering and Visuals, Environment and World. What you build is reviewed by people who do this for a living, and the review covers how you worked and how you talked to the people you built it for, not only what you delivered. Some of the work is yours alone and some is shared with the Engineering and Publishing graduates. Foundation Training runs on Unreal Engine, Maya, Python, and Perforce. The program assumes you arrive knowing one or two of them, not all four. **Three strategic rotations, six months each.** Rotations run across our studios, including Hangar 13, HB Studios, Visual Concepts, Firaxis, Small Axe, and Gearbox, and across the central technology teams that build the tools and pipelines every studio shares. Which team you rotate onto is decided around game timelines, and what the teams need at the time, and your own developing focus is part of that conversation. What we are looking for An outstanding portfolio is the first thing we look at, and it should show the work and how you got there. It does not have to be an art portfolio. Tools, scripts, rigs, shaders all count. If the work was made with other people, tell us which parts were yours. **There Are Two Things You Need** * Comfort in at least one content-creation package or game engine. Maya, Blender, Houdini, Substance, Unreal Engine, or whatever you happened to learn. * Some scripting. It does not need to be much, but you should be able to read code and have written something. **Beyond That, The Qualities That Matter Most** * Curiosity. You want to know how things are made, and you dig in to find out. * Persistence. A lot of this job is being stuck: something is broken, the reason is not obvious, and you keep going until you find it. * Communication. You will spend more time talking and asking questions than most people expect. **Education.** Game Art, Animation, VFX, Technical Art, Computer Science, Engineering, or a related field. We also take people with any unrelated degree who have a portfolio that shows the work. What you have made matters more to us than where you studied. The key is that you have a recent degree. **Experience.** No games industry experience is needed. This is a graduate program, and it is built for people who have never worked in games. Mod work, game jams, university projects, and freelance work are all relevant experiences as far as we are concerned. **Recent graduates.** Eligible Grads from January 2025 to June 2027 are eligible to apply. Exceptions may be made on a case-by-case basis if your grad date falls outside of these dates. Technical Art is a job people arrive at from many directions, so apply even if you do not match every line above. How to apply Send a CV/resume and a portfolio. The portfolio can be an ArtStation page, a personal site, a GitHub profile, an itch.io page, a reel, or a PDF. Which platform it lives on matters much less than whether we can open it and follow what we are looking at. If your work is spread across several places, link all of them and tell us which one to start with. If your resume doesn't explicitly have Tech Art, you're welcome to create a cover letter for us to review telling us why you're interested in this program. Cover letters are entirely optional. As an equal opportunity employer, we are committed to ensuring that qualified individuals with disabilities are provided reasonable accommodation to participate in the job application or interview process, perform their essential job functions, and receive other benefits and privileges of employment. Please contact us if you need a reasonable accommodation. Please note that 2K Games and its studios never use instant messaging apps or personal email accounts to contact prospective employees or conduct interviews and when emailing, recruiters only use 2K.com, take2games.com or zynga.com accounts.",https://www.linkedin.com/jobs/view/4467200977,True
AML Professional (Italian Speaking),AXA MPS Financial DAC,"Dublin, County Dublin, Ireland",linkedin,"**About Axa Mps Financial** AXA MPS Financial is a life insurance company under Irish law, regulated by the Central Bank of Ireland and operating in the Italian market under the Freedom to Provide Services regime, through a widespread network of banks. It was established in 1999 in Dublin as a company specialized in Unit and Index Linked insurance products, and since 2007 it has been part of the AXA MPS Joint Venture (which owns 100% of the company through AXA MPS Assicurazioni Vita S.p.A), combining the historical expertise and traditional local presence of the Montepaschi Group with AXA's international leadership in financial protection. Since January 1, 2014, the company has been part of the AXA ITALIA insurance group (registered in the Register of Insurance Groups with no. 041). https://www.axa-mpsfinancial.ie/ **POSITION MISSION & MAIN ACTIVITIES** **MAIN PURPOSE OF JOB** This position is designed to conduct customer due diligence for high-risk customers to ensure compliance with AML regulations and to mitigate potential money laundering and terrorist financing risks. It also involves applying the enhanced due diligence measures for the anomalous positions detected by the automated Transaction Monitoring System and supporting testing activities as part of the migration to the updated version of the company AML system. **Key Performance Measures** Analysis of subjects/transactions through the preparation of reports in which the results of the following investigations are reported: * Conduct customer due diligence (CDD) and enhanced due diligence (EDD) on high-risk customers to verify identities and assess risk levels. * Review and analyse customer information to identify potential AML risks and ensure compliance with regulatory requirements. * Apply enhanced due diligence measures for customers flagged through the AML system or other risk indicators. * Monitor and analyse transactional data to identify anomalous or suspicious activity. * Investigate and document unusual or suspicious transactions detected by the automated Transaction Monitoring System. * Support testing activities related to the migration and validation of the updated AML system. * Collaborate with compliance and risk management teams to implement AML policies and procedures. * Maintain accurate records of due diligence activities, investigations, and findings. * Participate in audits and audits preparation related to AML compliance. * Stay informed about evolving AML regulations, typologies, and best practices. **KEY CUSTOMERS** **Internal** * AMF CEO * AMF Senior Management * AMF Governance Structures * AMF Staff * AXA Italy Compliance & AML * AXA Group * AXA Global Business Services **External** * External Service Providers * Banca Monte dei Paschi di Siena (BMPS) and Widiba * Central Bank of Ireland, IVASS **Qualifications** **PROFILE, SKILLS & COMPETENCIES** * Degree in Law or Economics and/or any other relevant qualification * Anti-Money Laundering Master's Degree (nice to have) **Knowledge** * Insurance (products, contract and related events/management phases) * Anti-money laundering legislation (Legislative Decree 231/2007 and subsequent amendments, IVASS Regulation 44/2019 and subsequent amendments, AMLR) * Management applications * Economic and financial indicators and adverse events **Skills** * English and Italian language * Previous experience in insurance/legal/compliance services or similar (1+ year). * An understanding of Italian commercial financial & insurance landscape necessary. * Ability to forge good working relationships both internally and externally * Strong time management skills necessary. * Strong analytical skills, accuracy & attention to detail, well organized with an ability to prioritise workload. * Comply with the fundamental principles of integrity, objectivity, professional competence, due care and confidentiality. * Excellent written and oral communication and presentation skills.",https://www.linkedin.com/jobs/view/4467091932,True
Accommodation Assistant,Dalata Hotel Group,"Dublin, County Dublin, Ireland",linkedin,"Start your career at Dalata Hotel Group! We are looking for team members to join us on an exciting journey. You will receive training through our Dalata Academy to help you learn important skills. You will also meet experienced team members who can help you grow. At Dalata, we believe in promoting from within. If you work hard, you can have new opportunities in the future. Join us and be part of a friendly team! **Benefits** * Free employee meals on duty * 50% Off F&B in all properties * €/£60 Employee rate on rooms for all Dalata owned hotels * 30% Off Friends & Family rate * Extra annual leave day for every year worked (5 days to maximum of 5 days) * Employee Assistance Programme * Cycle to Work Scheme/Transport Schemes * Pension access (Ask your HR Manager for local pension information) * Development opportunities through our Dalata Academy to support your career journey * Staff appreciation Initiatives, fun team building activities and regular charity events **Your Job** * Ensure that all rooms and common areas are cleaned to the Dalata standard. * Point out anything that needs fixing. * Be ready to help in other departments. **What You’ll Need** * Having experience in cleaning and housekeeping is good, but it is not needed. * Friendly with customers * Pay attention to details. **About Us** Dalata Hotel Group – We bring *the heart of hospitality* to every hotel we own and operate. We see our growth and expansion plans as a way of spreading our unique way of caring for our guests further around the world, bringing better experiences to more people. Currently, the Dalata difference can be felt at each of our hotels in Ireland, the UK, Germany & the Netherlands, and we’ll keep expanding this further, focusing on key UK cities, Dublin and Continental Europe. Helping our people to grow and develop their careers is vitally important to us and is one of our highest priorities. We have many exciting and unique internal development programmes, each crafted to make sure our employees get the learning they need to be able to take the next step in their careers. Dalata Hotel Group is an Inclusive Employer. We actively encourage people from all backgrounds and abilities to apply to be part of our team. However, we understand everyone's needs are different; therefore, if you require any accommodations with this application process, please highlight your needs when you are completing your application process.",https://www.linkedin.com/jobs/view/4465525582,True
"Accounts Assistant (Dublin West, Onsite)",Barden | B Corp,"Dublin, County Dublin, Ireland",linkedin,"Barden is delighted to assist our client, an Irish owned company, to identify a Accounts Assistant for their finance team based in Dublin West. This is a newly created position and joins at an exciting time as the business experiences a period of high growth. This role would suit someone who thrives in a fast-paced environment and is eager to develop their career In finance. With internal pathways for progression this opportunity would link in well with your professional accountant qualification pathways (ACCA or other). **ABOUT THE ROLE** * Generate and issue customer invoices in a timely, accurate manner * Chase outstanding payments, collecting and allocating receipts as they come in * Investigate and resolve payment discrepancies and customer queries * Process daily bank transactions and reconcile accounts as needed * Manage credit control activities to keep customer accounts on track * Maintain accurate accounts receivable records and customer files * Follow established procedures for handling receipts and cash * Support month-end closing activities **ABOUT THE PERSON** * Working towards professional qualification (ACCA/ACA/CIMA) * 1+years’ in a similar position. * Strong Excel and systems skills. * Growth mindset. * Ability to communication internally with all levels of the business, * Comfortable working in a collaborative, ever-changing environment.",https://www.linkedin.com/jobs/view/4476183553,True
Audit Graduate Programme 2027,Crowe Ireland,"Dublin, County Dublin, Ireland",linkedin,"**Join Crowe Ireland’s 2027 Audit Graduate Programme!** Are you ready to kickstart your career and write your story with one of Ireland's top accounting and advisory firms? At **Crowe Ireland** , we’re not just about numbers—we’re about people, innovation, and making a real impact. We’re advisors, partners, and innovators who help businesses grow, navigate their challenges, and build a brighter future. We work with a diverse mix of clients – from owner-managed business and not-for-profit to multinationals, government agencies and hospitality as a small example – Every day brings something new! As part of our team, you'll learn from the best, gain hands-on experience across a range of industries, and be part of a community that values **collaboration** , **curiosity** , and **creativity** . **Why choose Crowe Ireland?** At Crowe Ireland, we are a close-knit team with a global reach. Our firm is all about fostering talent, encouraging fresh ideas, and driving positive change for our clients and community. We are big enough to offer great opportunities, international assignments and write a successful story and small enough for you to make great impacts on some of our projects from the word go. Join us, and you will be part of a dynamic and diverse team that values growth, learning and having a bit of fun along the way! If you want to know more about our Graduate Programme, visit our website. **What’s in it for You?** Our 2027 Audit & Assurance Graduate Programme is designed to give you real-world experience, professional development, and a clear pathway to becoming a qualified accountant. You’ll get to work with amazing clients, use trending technology, and learn from a team that genuinely cares about your success. Here’s what you’ll do: **Your Role:** 1. **Dive into Diverse Audits:** Get hands-on experience working on a variety of audit assignments across different sectors—no two days are the same! 2. **Data Detective:** Use the latest tools and techniques to analyse client data, spot trends, and uncover insights that drive smart decisions. 3. **Business Insights:** Learn how businesses operate, identify areas for improvement, and build relationships with clients that go beyond the numbers. 4. **Impactful Reporting:** Draft high-quality financial statements and audit reports, packed with practical recommendations to help clients strengthen their operations. 5. **Team Collaboration:** Collaborate with colleagues across different disciplines—like tax, corporate finance and company secretarial—to ensure a smooth and efficient audit process. 6. **Communication Pro:** Keep your partner in the loop, flagging significant issues and progress on your assignments. You will work closely with partners, directors and other managers to deliver top-notch services to our clients. 7. **Quality and Compliance:** Deliver audits that meet the highest standards, addressing key risks and sticking to deadlines and budgets. **How we are going to support your development:** * Crowe will fully sponsor your accounting qualification: You will have the freedom to choose which accounting qualification you will pursue. ACA? ACCA? It’s your pick! * We will support your studies by providing generous study leave so you can dedicate time to pass your exams. * Flexibility to attend your classes and tuitions. * You will work closely with our senior team and will be mentored and supported to achieve your personal and professional goals. * You will gain experience and develop competencies in practice dealing with clients and carrying out meaningful and relevant work **What We’re Looking For:** * **Academic Performance** : You have achieved or are on track to achieve a 2.2 or higher in your undergraduate degree and have recently graduated or will graduate in 2027. * **Future Accountants:** You are excited about a career in accounting, even if you come from an academic background that is not accounting. * **Eligibility:** You have the right to work full time in the Republic of Ireland. * **Communication Champs:** You have strong verbal and written communication skills, with an eye for detail and a knack for problem-solving. * **Attention to Detail:** You are a master of the small stuff and know that details matter. **Our offer:** * Alongside a fully sponsored accounting qualification, we offer a competitive reward package that comprises salary, benefits, development opportunities and wellbeing programmes. Some of them are: * 22 days of annual leave * Pension with 100% employer matching contributions * Tax saver travel pass * Cycle to Work Scheme * And more… * Work-life balance: our team enjoy compressed working weeks during the summer and hybrid work options. * Accelerate career progression through ongoing support and investment in your development. **Why Join Us?** Because we believe in nurturing talent from day one. You will get mentorship from experienced professionals, access to ongoing learning and development opportunities, and the chance to make a real impact in a supportive, inclusive environment. Plus, we know how to have fun—whether it is team social events, community events, or just celebrating a job well done! Ready to write a story that matters? Apply now and start your journey with Crowe! **Equal opportunity** Crowe is proud to be an equal opportunity employer. We value diversity and anyone seeking employment at Crowe is considered based on merit, qualifications, competence and talent. We don’t regard colour, religion, race, national origin, sexual orientation, ancestry, citizenship, sex, marital or family status, disability, gender, or any other legally protected status when making our hiring decisions. If you have a disability or special need that requires accommodation, please let us know.",https://www.linkedin.com/jobs/view/4458164809,True
Barista,Costa Coffee Ireland,"Celbridge, County Kildare, Ireland",linkedin,"☕ **Barista – Join Our Team and Brew Up a Great Career with Us!** **The Role:** This isn’t just another job — it’s your chance to **kickstart a career** in a brand that values **growth, development, and promoting from within.** As a Barista, you’ll be part of a supportive team where learning is part of every day and your potential truly matters. ✨ **Why Join Us?** * Full training provided — no experience needed! * A clear path to progress — many of our leaders started as Baristas * Ongoing support to help you grow in confidence and skills * A fun, energetic environment where every shift brings something new 🎁 **What We Offer:** * Complimentary handcrafted coffee on every shift * Employee discounts across all Costa locations * Full training and ongoing development opportunities * A friendly, inclusive, and supportive team culture * A workplace where you can grow, learn, and be yourself 📍 **Make it Yours:** This role is based in Costa Coffee Celbridge. 💬 **Apply today and bring your love for coffee to life with Costa!**",https://www.linkedin.com/jobs/view/4474956471,True
Barista,Costa Coffee Ireland,"Dublin, County Dublin, Ireland",linkedin,"☕ **Barista – Join Our Team and Brew Up a Great Career with Us!** **The Role:** This isn’t just another job — it’s your chance to **kickstart a career** in a brand that values **growth, development, and promoting from within.** As a Barista, you’ll be part of a supportive team where learning is part of every day and your potential truly matters. ✨ **Why Join Us?** * Full training provided — no experience needed! * A clear path to progress — many of our leaders started as Baristas * Ongoing support to help you grow in confidence and skills * A fun, energetic environment where every shift brings something new 🎁 **What We Offer:** * Complimentary handcrafted coffee on every shift * Employee discounts across all Costa locations * Full training and ongoing development opportunities * A friendly, inclusive, and supportive team culture * A workplace where you can grow, learn, and be yourself 📍 **Make it Yours:** This role is based in College Green in City Centre-Regular bus route with early morning services & Located in a vibrant shopping district. 💬 **Apply today and bring your love for coffee to life with Costa!**",https://www.linkedin.com/jobs/view/4474941999,True
Braeburn Café Team Member,Applegreen,"Enfield, County Meath, Ireland",linkedin,"**Braeburn Café Team Member - Applegreen M4 Enfield Westbound** Are you as passionate about coffee as we are? Would you like to a part of an exciting new coffee concept? Calling all coffee enthusiasts, we would love to have you as part of our team! Our mission is to serve fantastic coffee to our customers in our new café or on the move in our drive thru. **What will I be doing as a Braeburn Team Member?** * Prepare and serve a wide range of Braeburn coffee beverages. * Support day to day operations of the business. * Provide friendly and efficient customer service. * Demonstrate expert knowledge of Braeburn coffee products, including origins, flavours, and preparation methods. * Adhere to company policies, procedures, and health and safety regulations. Follow food safety guidelines and maintain hygiene standards at all times. **Why should I join the Applegreen Team?** **Benefits** * All colleagues are eligible for a discount, allowing exclusive discounts on Bakewell Deli foods and hot drinks. * Bike to work scheme (available after 6 months of service). * HSF Health Plans schemes for healthcare expenses including dental, optical and many more. * Wellbeing platform with micro-modules and articles to support your mental health and wellbeing. In addition, our Employee Assistance Programme is a free confidential counselling service which offers support on personal, family, work, and money matters. * Flexible schedules. * Company pension scheme. * Exclusive offers on broadband and mobile plans. * Refer a friend scheme. * Development opportunities through a variety of online and classroom-based learning delivered by inhouse and external industry experts. **An Applegreen Braeburn Team Member would ideally:** * Have a can-do attitude who has strong communication skills and enjoys interacting with customers. * Ability to work well with colleagues, contributing to a positive team environment. * Enjoy working in a fast-paced environment. * Willingness to learn and adapt to new tasks. INDHP",https://www.linkedin.com/jobs/view/4474944828,True
Branch Assistant,Euro Car Parts Ltd.,"Naas, County Kildare, Ireland",linkedin,"**Job Overview** **Keep our branch moving. Deliver outstanding service. Make a difference every day.** Are you someone who enjoys being on the move, takes pride in delivering excellent customer service and likes working as part of a close-knit team? We're looking for a **Branch Assistant** to join our busy branch, where no two days are the same. This is a varied, hands-on role combining customer deliveries, warehouse operations and branch support to help us provide an exceptional experience for our customers. Whether you're out making deliveries, supporting warehouse operations or helping customers at the trade counter, you'll play a vital role in keeping the branch running smoothly and ensuring we deliver on our customer promise. **What We Offer** * Competitive Salary – We regularly review our salaries to keep your earnings competitive. * Enhanced Annual Leave (Including Bank Holidays) – Enjoy a great work-life balance with plenty of time off to recharge. * Exciting Career Growth – Unlock personal development and career opportunities across the UK & Europe. * Life Assurance for Peace of Mind – Providing financial security for you and your loved ones. * 24/7 Employee Assistance Programme – Confidential support for you and your family, whenever you need it. * Company Funded Health Plan - access an online GP, a hospital plan, money back on medical expenses and other wellness benefits * Cycle to Work Scheme – Save money while staying active with tax-free bike purchases. * Retail & Staff Discounts – Enjoy exclusive savings on popular brands and products. **Key Responsibilities** As a Branch Assistant, you'll support every aspect of the branch operation, helping the team deliver excellent service, maintain high operational standards and achieve business goals. Delivering outstanding customer service * Deliver products safely, accurately and on time, ensuring every customer receives excellent service. * Build positive relationships with customers and represent the business professionally at every opportunity. * Support Click & Collect customers and assist at the trade counter when needed. * Help resolve customer queries and contribute to a positive customer experience. Supporting warehouse operations * Pick, pack and prepare customer orders accurately and efficiently. * Assist with goods receiving, stock movements and dispatch activities. * Maintain excellent stock accuracy through daily stock checks and inventory procedures. * Support stock takes and ensure products are stored safely and correctly. * Help maintain excellent shelf availability and warehouse organisation. Looking after our fleet * Carry out daily vehicle safety checks before every journey. * Ensure company vehicles remain clean, roadworthy and compliant with company standards. * Use delivery technology, including ePOD systems and handheld devices, accurately and effectively. * Drive safely at all times, promoting our safety-first culture and protecting our customers, colleagues and communities. Working safely and efficiently * Follow all Health & Safety procedures within the branch, warehouse and during deliveries. * Handle stock safely to minimise damage and maintain quality standards. * Complete mandatory training and compliance activities. * Support branch audits, operational controls and governance requirements. Being part of the team * Attend daily team briefings and contribute ideas to improve branch performance. * Work collaboratively with colleagues across the branch to achieve shared goals. * Support continuous improvement by helping deliver operational and customer service targets. * Develop your skills through ongoing learning and training, becoming a valued multi-skilled member of the team. **Skills And Experience** We're looking for someone with a positive attitude, great work ethic and a passion for delivering excellent customer service. **You'll Ideally Have** * Previous experience in a delivery driving, warehouse, logistics or branch support role. * A full driving licence. * Strong communication and customer service skills. * The ability to work efficiently in a busy, fast-paced environment. * Good organisational skills and attention to detail. * An understanding of safe working practices and Health & Safety. * Basic IT skills and confidence using handheld devices or warehouse systems. * A flexible, reliable and team-focused approach. Experience within the automotive, retail or logistics sector would be an advantage, as would knowledge of stock control, warehouse operations, vehicle compliance or ePOD technology—but these aren't essential, as full training will be provided. **Why Work for LKQ** We're proud of the service we provide to our customers, and we know that's only possible because of the great people who work in our branches. **When You Join Us, You'll Enjoy** * A varied, active role where no two days are the same. * Full training and ongoing development opportunities. * A supportive, friendly team environment. * Opportunities to develop new skills and progress your career. * The chance to make a real difference to customers every day. Ready to join the team? If you're reliable, customer-focused and enjoy working in a fast-paced environment where every day brings something different, we'd love to hear from you. **Apply today and become an important part of a team that's committed to delivering exceptional service, every single day.** *We are committed to building an inclusive workplace where everyone feels welcome, valued and supported. We encourage applications from people of all backgrounds, experiences and communities.*",https://www.linkedin.com/jobs/view/4467752339,True
Building Management Systems Engineer,Clear.,"Dublin, County Dublin, Ireland",linkedin,"**Junior BMS Engineer** Are you a technically minded graduate, junior engineer or electrician ready to kickstart your career in Building Management Systems (BMS)? An exciting opportunity has opened up for a Junior BMS Engineer to join a highly respected BMS integrator working on some of the most innovative commercial, pharmaceutical and mission-critical projects across Ireland. **Dublin, Ireland** * €40,000 - €45,000 * Yearly Bonus * Company Vehicle * Full Training and Development * Private Healthcare **Responsibilities:** * Assist in the design, commissioning and support of BMS systems across a variety of cutting-edge projects. * Work closely with senior engineers and project managers to gain hands-on experience with systems like Trend, Tridium or Cylon. * Get involved in both on-site and office-based work, no two days are the same. * Learn the full project lifecycle from specification and design, through to programming, installation and commissioning. **Experience Required:** * Degree or diploma in electrical engineering, building services, mechatronics or a related field. * Electrically Qualified. * A passion for automation, controls or energy-efficient building systems * Excellent problem-solving skills and eagerness to learn * Ideally some exposure to HVAC or BMS systems (through a placement, internship, or coursework). **What’s On Offer:** * Competitive salary and benefits package * Structured training and development plan * Opportunity to gain certifications and hands-on experience with industry-leading BMS technologies * Career progression with a clear pathway toward project engineering and senior roles * Collaborative team environment with supportive mentors For more information please contact: luke.alliband@clear-er.com",https://www.linkedin.com/jobs/view/4474906386,True
Butchery Operative - Dublin,Sysco Ireland,"Dublin, County Dublin, Ireland",linkedin,"**COMPANY OVERVIEW** Sysco connects the world to share food and care for one another. Sysco leads from the heart of food and service to deliver the freshest of foods and ideas to restaurants, healthcare and educational facilities, lodging establishments and other customers who prepare meals away from home. Our customers can count on us to deliver on-point products and solutions since only Sysco is the global leader, sitting at the heart of innovation supply, delivery, culinary and more. As the leading foodservice provider across the island of Ireland, Sysco's success is driven by a team of passionate and dedicated individuals who go above and beyond to deliver every day. We don't just deliver food and drink to our customers. We deliver new thinking, technology and talent to our industry. We deliver opportunities - to ourselves and to our colleagues ensuring that we can all thrive in work and beyond. We are now looking for new talent to join us as we continue to grow, innovate and deliver. **Butchery Operative- Dublin** We are excited to offer a fantastic opportunity for a **Butchery Operative- Dublin** a role which will play a key part in the overall growth of the organisation along with helping to maintain our core ethos here are Sysco - keeping the customer at the heart of everything we do. The role requires a candidate who will be: * Collaborative and a good team player * Self-motivated and results driven * Eager to expand Knowledge and Skills If you are ready for a challenge, we want to hear from you. Apply today and discover what your career could look like with Sysco Ireland. **Key Accountabilities:** * Develop a good working knowledge of product, placement, and inventory control techniques and procedures * Goods inwards and stock controller * Check weigh-in and product specification * Oversee storage of products, particularly stock rotation * Carry out end of week stock take for the financial controller * Health and Safety of yourself and others around you * Always follow Sysco preferred work methods, and immediately advise supervisor of any unsafe conditions * Reporting damages, accidents and issues relating to Food Safety * Basic IT skills only required * Hygiene in your department and good housekeeping * Must be willing to support the Butchery team when available * Induction training will be provided **Requirements:** * Be a highly motivated individual * Be a team player with ability to work on own initiave * Experience in a fast-paced meat production/ food preparation environment advantageous * Follow procedures to comply with HACCP policy. * Must be able to communicate effectively at all levels of the business, as it relates to the job and the safety regulations * Good communication skills * Fluent in English language essential (both written and verbal) * Experience of following food safety and quality procedures and policies. * Flexible and adaptable **Sysco Ireland Culture** * **Customer Focus:** We deeply understand our customers' needs, continuously looking at ways to deliver real value. * **Building Relationships:** We foster strong, effective relationships across teams, always working together. We embrace change and support each other through it. * **Clear Communication:** We communicate clearly and effectively, ensuring our message resonates. * **A Passion for Food:** We source and deliver food and drink that inspires excellence and creativity in kitchens for the most memorable dining experiences. The accountabilities and requirements outlined in this job description are neither definitive nor restrictive and may change in detail from time-to-time to meet the changing needs of the business. Sysco is an equal opportunity employer. #INDOPS",https://www.linkedin.com/jobs/view/4474962599,True
C&D Foods | Graduate Applications,C&D Foods & Affiliates,"Mullingar, WH, IE",indeed,"**Graduate Programme 2027** =========================== **Location:** Ireland with secondment to company sites in UK and across Europe] **Programme Duration:** 24 Months **Start Date:** December 2026 and September 2027 ### **Launch Your Career With Us!** Are you an ambitious graduate ready to make an impact and accelerate your career development? We are seeking talented, motivated, and commercially minded graduates to join our Graduate Programme. This is an exciting opportunity to gain hands-on experience, develop key professional skills, and work alongside experienced leaders in a dynamic and international business environment. Our programme is designed to provide structured learning, real-world project experience, mentoring, and exposure to multiple areas of the business, helping you build a strong foundation for a successful career. ### **What You Will Gain** **As a Graduate Programme participant, you will:** * Work on meaningful projects that contribute to business success. * Develop professional and technical expertise through structured training and development. * Collaborate with colleagues across different functions and locations. * Gain exposure to leadership and business decision-making processes. * Enhance your communication, presentation, and problem-solving abilities. * Build a professional network and receive support from experienced mentors. ### **Skills We Are Looking For** **Successful candidates will demonstrate:** ------------------------------------------- * Critical thinking * Digital literacy * Strong communication skills * Presentation skills * Problem-solving ability * The ability to work effectively both independently and within a team environment * Leadership potential ### **Personal Competencies** We are looking for graduates who possess and demonstrate qualities that will help drive our business forward * Adaptability and a willingness to embrace new challenges * Pragmatism & Resilience - we operate at pace and within the real world! * Curiosity with a continuous learning mindset - the only constant is change! We learn and grow every day. * Drive and ambition to become a leader within our business * Mobility & Flexibility - Willing to rotate across locations in our Irish, UK and European sites or functions as part of the programme ### **Qualifications** **Applicants should:** * Open to applicants with a Leaving Certificate or equivalent, though a third-level qualification (such as a 2.2 honours degree in Engineering, Food Science, or a related discipline) is highly advantageous. * Have up to 3 years post qualification experience * Be eligible to work in Ireland. **Languages** As we operate in an international environment, proficiency in one or more European languages would be advantageous, particularly: * French * Danish * Spanish * German **What We Offer** * Competitive salary and benefits package * Structured graduate development programme * Mentorship and coaching from experienced professionals * Exposure to a broad range of business functions * Professional and personal development opportunities * A collaborative and supportive working environment * Long-term career progression opportunities **How to Apply:** To apply, please submit: * An up-to-date CV * A cover letter outlining your interest in the Graduate Programme and some information about you - what are you looking for in your new career move? ***Application Closing Date: 1st November 2026 (2026 intake) / 30th January 2027 (2027 intake)***",https://ie.indeed.com/viewjob?jk=559b714682b7fff8,True
Care Advisor - Italian,Allianz,"Dublin, County Dublin, Ireland",linkedin,"**What You Do** Our Care Advisors support customers in many different languages and are the first point of contact of our clients worldwide (including brokers and medical providers). The Care Advisors must anticipate and meet the needs of our clients as well as coordinate interdepartmental work, consistently delivering a high quality service and committing to continuous improvement. **Your **Key Responsibilities**** * Responding to queries regarding cover, claims, hospitalisation, complaints * Commit to the department`s service standards, including a 24 hours turnaround for all written communication including email responses and a target call abandon rate of 2% * Multi-tasking of daily assigned workload as well as ad hoc assignments and follow up on individual cases * Develop extensive and sound product knowledge in order to provide timely and accurate information to our clients * Assist our in-house medical team in coordinating client`s hospital admissions, evacuations, repatriations and other cases as required * Multi-tasking of daily assigned workload as well as ad hoc assignments and follow up on individual cases * Responsible for providing outstanding customer service to clients and ensuring customer satisfaction and retentio * Data Management: Strengthening data management practices could ensure that customer information is handled securely and efficiently, aligning with industry best practices for data protection and privacy. * Work effectively in an environment shaped by artificial intelligence (AI), machine learning, data, analytics and cloud-based tools, using insights responsibly with our standards of data governance, security and ethical use. **What You Bring** * Experience in a customer focused role , in a an administrative capacity * Previous experience in call centre environment would be beneficial. * Experience working in pressurized environment with tight deadlines. * Strong Knowledge of Microsoft Office ( Excel, Word). * Applicants must be flexible to work within our rotating shift patterns, including nights and weekends * Valid EU work permit with the ability to work full time year round. * Fluency in English and second language (Italian). **What We Offer** *Our employees play an integral part of our success as a business. We appreciate that each of our employees are unique and have unique needs, ambitions and we enjoy being part of their journey. We are there to empower you and your professional and personal goals and for that reason here are some of our benefits:* * Dynamic and Multinational working environment * Trainings and programs dedicated to Learning and Development (e.g. free accesss to LinkedIn Learning) * A wide range of employee benefits such as performance bonus, gift vouchers, health insurance, dental insurance, public transportation subsidy, childcare allowance etc. * Open company culture, flexibility of working hours, giving you a hybrid working environment and the possibility to work a limited amount of days per year abroad. * Discouts on Allianz Partners products * Modern Offices *Allianz Partners does not accept unsolicited CV’s or approaches from agencies. We only work with partners on our approved supplier lists, under contract. Any unsolicited submission will not be considered.* Allianz Group is one of the most trusted insurance and asset management companies in the world. Caring for our employees, their ambitions, dreams and challenges, is what makes us a unique employer. Together we can build an environment where everyone feels empowered and has the confidence to explore, to grow and to shape a better future for our customers and the world around us. We at Allianz believe in a diverse and inclusive workforce and are proud to be an equal opportunity employer. We encourage you to bring your whole self to work, no matter where you are from, what you look like, who you love or what you believe in. We therefore welcome applications regardless of ethnicity or cultural background, age, gender, nationality, religion, disability or sexual orientation. Great to have you on board. Let's care for tomorrow. Note: Diversity of minds is an integral part of Allianz’ company culture. One means to achieve diverse teams is a regular rotation of Allianz Executive employees across functions, Allianz entities and geographies. Therefore, the company encourages its employees to have motivation in gaining varied skills from different positions and to collect experiences from across Allianz Group.",https://www.linkedin.com/jobs/view/4476189176,True
Care Assistant,Sunbeam House Services,"Bray, County Wicklow, Ireland",linkedin,"**Location:** Bray **Hours:** Full-time, 169 per month **Contract:** Permanent **Salary:** HSE Scale 6482 **Ref:** OL01.230326 We currently have an exciting opportunity for a Care Assistant to join our services in a Residential setting in **Bray, County Wicklow.** As a Care Assistant, you will be involved in supporting clients to achieve their personal outcomes to build on their potential and to develop positive roles within their residential service and community. Working hours will be Monday to Sunday. **Key Responsibilities:** * To facilitate and implement a person-centered approach for our clients appropriate to their wishes and goals * To promote and protect the rights of people in a manner that respects their dignity, their right to make choices and their privacy * To actively seek new interests and opportunities for people to develop meaningful roles in their communities * To ensure the overall wellbeing of clients in all areas of their lives including health and personal care * To assist in the teaching of life skills in cooking, budgeting, cleaning & building confidence **Requirements:** Applicants must hold a minimum of **Major** **QQI level 5 in healthcare** or foreign equivalent (validated by QQI) Applicants **must have** : * A passion for promoting and empowering those you support * A team player wiling to lone work as well as working as part of a team * A knowledge of the HIQA standards and relevant legislation * Hold a full driving licence and have access to a car * Post qualification experience of working with adults with intellectual disability is desirable * A legal right to work in Ireland **Salary Scale:** Successful candidates will be paid as per the HSE consolidated pay scales in line with required qualifications and relevant experience. **To Apply:** E-mail your CV and cover letter referencing the **job ref. number to** talent@sunbeam.ie For further information please check out our website http://sunbeam.ie/careers Short listing of candidates will apply. **Closing Date for receipt of applications: 1st April 2026** **Sunbeam House Services is an Equal Opportunities Employer**",https://www.linkedin.com/jobs/view/4474659095,True
Cargo Warehouse Agent (Nightshift) -Dublin Airport,Swissport,"Dublin, County Dublin, Ireland",linkedin,"**Ready for take-off?** Join Swissport for an exciting career in aviation. This is a full-time permanent position, paying **€16.99 per hour** with added night shift allowance. **Working Hours:** * 22:00 PM - 6:00 AM Nightshift * 5 days out of 7 As a **Cargo Warehouse Agent** , you will: * Organize warehouse and storage facilities. * Arrange warehouse handling equipment and load/unload air cargo. * Maintain the required safety and quality standards. * Comply with Standard Operating Procedures (SOP) and company policies. **Responsibilities** Job Responsibilities * Loading and unloading air cargo onto vehicles and storage areas * Preparing and palletize cargo as needed * Ensuring paperwork related to the cargo is correct * Assuring proper handling and delivery of cargo and operation of related equipment * Following Dangerous Goods Requirements and Regulations * Delivering air cargo to appropriate recipient if required * Providing special handling of live animals as required * Driving and/or operate specialist equipment which may include vans, fork lift trucks, cargo dollies/trailers. * Reporting all equipment malfunctions to the appropriate supervisor/manager * Complying with all relevant legislation and airport authority and carrier security requirements * Complying with Swissport Standard Operating Procedures (SOP’s) * Maintaining the highest standards of safety and security at all times * Other duties as assigned **Qualifications** Qualifications and Competencies * Flexible to work a variety of shifts (days, evening, nights, weekends, and public holidays) * Ability to speak and understand the English language * Ability to travel to the airport at times where public transport is not available * Ability to follow processes and procedures and apply flexible approach when required * Willingness to work in inclement weather * Able to work in a manual environment and repeatedly lift up to 32kg throughout a shift * Able to work as a team in a fast paced environment * A full driving licence * Previous experience working in an aviation environment desirable",https://www.linkedin.com/jobs/view/4474297210,True
Clinical Specialist Radiographer – MRI (Fixed Term Contract),Beacon Hospital,"Dublin, D, IE",indeed,"**Job Description** **Job Title: Clinical Specialist Radiographer - MRI** **Department: Radiology** **Reports to: Head of Radiology Operations** **Date: 2027** **\*Initial 6 month contract with hopes to extend for another 6 months\*** **Overall Purpose of Job** We will provide exceptional patient care in an environment where quality, respect, caring and compassion are at the centre of all we do. The position of Clinical Specialist Radiographer requires an ability to lead, guide and supervise Radiographic staff and to successfully manage service delivery on a day to day basis. An ability to manage in a rapidly changing environment and a willingness to undertake such additional duties as may be assigned from time to time are essential. While carrying out the duties appropriate to a Radiographer in the MRI department, maintenance of professional competence in other areas of the department is necessary as some participation in the on-call service is required. This will necessitate the post holder in rotating through other areas in the department on a periodic basis. **Key Responsibilities and Deliverables** Clinical Operations: undertake as team leader, primary responsibility on a day-to-day basis for the MRI service and the effective utilisation of all resources allocated. Be accountable for the quality of the service provided, including customer service and technical aspects. Contribute to the development and implementation of operational policies, protocols and guidelines to ensure optimum utilisation of resources and systematic audit of such usage. Advise on equipment selection, purchase, replacement or upgrading. Contribute to the preparation of plans of service - monitor and report on their implementation. Implement and maintain accurate information systems for clinical data in accordance with hospital standards. Ensure the Head of Radiology is provided with accurate records of equipment service, maintenance, malfunction, downtime and performance as required and co-ordinate preventative maintenance schedules in accordance with clinical demand. Maintain up to date knowledge of clinical, technical and radiographic developments in relation to MRI and promote awareness of new developments. Ensure that best practices are implemented. Contribute to financial planning and ensure that appropriate budgetary control procedures are implemented. Support the Head of Radiology in the implementation of initiatives aimed at on-going service development, improvement and increase in volume. Provide professional support and advice to patients, radiographers, radiologists, medical staff, nurses and other allied health professionals. Promote and maintain a safe environment for staff and patients. Assist in the development and implementation of risk management and health and safety strategies in association with appropriate personnel. Develop and maintain a training function as may be required in relation to qualified staff and/or trainees and students. Supervise and assess all training as required. Liaise with the Head of Radiology on the rotation of staff through the Department to ensure an adequate number of trained staff are available. Liaise with the Head of Radiology on human resource issues as appropriate. Quality Assurance: Investigate and take appropriate action in accordance with hospital policy in relation to complaints, accidents and incidents. Ensure that all hospital policies and relevant up to date information on MRI safety is understood by staff and complied with. Ensure all hospital policies on infection control, IV policy and health and safety etc. are understood by staff and complied with. Implement and maintain a quality assurance programme in the MRI department as set out by Head of Radiology. Demonstrate flexibility in possible changes to work patterns e.g. extending working hours in MRI in order to accommodate our patients once volume increases significantly. Other duties assigned that are appropriate to the post. All posts in Radiology Services will be continually assessed in line with service requirements and changes with the development of the Hospital. Consequently, the duties of the post may change. **Quality:** Assist the Head of Radiology with Policies and Procedure development as appropriate Implement quality improvement as necessary to ensure safety of patients and staff Perform departmental audits that feed into the organisation quality programme Attend relevant meetings as requested by Head of Radiology Assist Head of Radiology in the preparation for accreditation surveys **Person Specification** **Qualifications** BSc (Hons) Diagnostic Radiography or equivalent. Post graduate MRI diploma/MSc Validation from the Irish Institute of Radiographers **Experience** A minimum of 6 years experience in the chosen modality or a post graduate qualification in the modality plus a minimum of 3 years experience. Demonstrate experience of working with a team of Radiographers. Competent in intravenous cannulation and contrast/buscopan administration. Evidence of post registration professional development. **Job Specific Competencies and Knowledge;** **Teamwork** * Demonstrate ability to work as part of a multi-disciplinary team. * Demonstrate motivation and an innovative approach to the role. **Knowledge/Professional Knowledge** * Demonstrate clinical competence and relevant experience in an MRI department. * Demonstrate an ability to contribute to overall service development. **Planning & Organisational Skills** * Have a high capacity for responsibility and individual initiative. * Demonstrate organisational skills including effective time management. * Demonstrate ability to manage clinical and non-clinical situations. * Have a proven ability to work under pressure. **Communication & Interpersonal Skills** * Demonstrate excellent communication skills, especially the ability to communicate clear and concise instructions to patients in an understandable manner. * Be able to deal with staff and management at all levels within the organisation. * Demonstrate strong interpersonal skills. **Customer/Client Focus** * Demonstrate an awareness and appreciation of the service user. * Demonstrate evidence of ability to empathise with and treat patients, relatives and colleagues with dignity and respect **Personal Competencies** All posts in Beacon Hospital require a high level of flexibility to ensure the delivery of an effective and efficient service. Therefore, the post holder will be required to demonstrate flexibility as and when required by their manager or hospital management.",https://ie.indeed.com/viewjob?jk=d84080a52b86c594,True
Commercial Aircraft Technician,Moog Inc.,"Dublin, County Dublin, Ireland",linkedin,,https://www.linkedin.com/jobs/view/4467092711,True
Concierge,Hilton,"Dublin, County Dublin, Ireland",linkedin,"**Job Description** **Exceptional Hospitality Starts with You** The **Conrad Dublin** is a 5\* hotel and part of the Hilton Luxury Division. We aim to ‘offer smart luxury travelers inspiring connections & intuitive service in a world of style’. We are one of the best 5\* luxury hotels in the country. *“Conrad is Empowering and Bold”* **Benefits** Working for Hilton means you are joining an international company with more than 9000 hotels across the globe with countless benefits & career development opportunities such as: * Travel - Up to 40 nights per year at discounted rates and 50% off F&B in Hilton Hotels around the world. Plus up to 70 nights of discounts for your Family and Friends * Team Member Gym – a dedicated team member gym with free access 7 days a week * Benefit – Discounted rates for Conrad Team members across a wide range of retailers * Development – Hilton have numerous learning & development plans for all types of roles and career paths as well as free access to LinkedIn Learning and Harvard Manage Mentor * Holidays – 30 days holiday (incl BH) plus long service entitlement of an extra day per year up to a total of 5 additional days * Maternity & Paternity – Paid leave for those that qualify **Responsibilities** Here's what you'll do during a typical day: * Requirements: Applicants must hold a full, valid EU driving licence. * Valet Parking: This role includes valet parking responsibilities, ensuring guests receive a smooth, efficient, and professional service from arrival to departure. * Delight our guests: Respond promptly and professionally to guest inquiries, requests, and concerns * Offer recommendations: Provide information and handle arrangements for dining, transportation, events, tours, and local attractions * Coordinate special services: Arrange for medical care, childcare, floral delivery, and other personalised guest needs * Manage guest communications: Receive and deliver messages, mail, packages, and faxes * Support VIP guests: Facilitate seamless registration and elevated service for high-priority guests * Promote hotel offerings: Share marketing materials and encourage use of hotel services and programs **Qualifications** **What It Takes to Make the Stay** At Hilton, Our Core Values Define What It Takes To Succeed Here And Guide The Qualities We Look For In Every Team Member A passion for spreading the light and warmth of **Hospitality** . Acting with **Integrity** and always doing the right thing. Inspiring others through **Leadership** . A belief that **Teamwork** drives the best outcomes. A sense of **Ownership** and accountability. And a focus on the **Now** , bringing urgency and discipline to every moment, knowing it can make a lasting impact. **About Us** **Join an Award-Winning Workplace Culture** At Hilton, we don’t just deliver exceptional experiences for our guests—we build an exceptional workplace for the Team Members who make it all possible. As a global leader in hospitality, we’ve welcomed more than 3 billion guests worldwide, all while staying true to our founding vision: to fill the earth with the light and warmth of hospitality. Our award-winning culture has earned us repeated recognition on the World’s Best Workplaces list by Great Place to Work and Fortune. With our suite of world-class brands , and a company-wide commitment to providing the best stay for every guest, we’re setting new standards for the future of travel. Whether you’re starting your career or exploring something new, Hilton supports your journey every step of the way. Come for the job, stay for the career—and help us make every stay a little more magical. Curious about life at Hilton? Explore our Careers Blog to see why we’re more than a great place to stay—we’re a great place to work.",https://www.linkedin.com/jobs/view/4467221475,True
Customer Assistant,Boots Ireland,"Wicklow, County Wicklow, Ireland",linkedin,"Joining us as a Customer Assistant is a great opportunity, whether it’s your first job and you’re looking to gain some valuable experience, or you have experience with retail and you’re looking for a new challenge, this is the start of a new career with us **About The Role** You will work onsite and report into the Assistant or Store Manager and your role could be to help on the tills, advise our customers, or work in our back shop. You will also: * Help our customers and put them at ease; whether that’s listening to find out more about them, answering questions and giving great advice on our fantastic products, recommending items they hadn’t considered or simply offering a basket - it's the little things that make a difference * Get to know our in-store offers and schemes and promote them - the more info we can give our customers, the better. * Help our stores run smoothly - this could look like ensuring we have the right products displayed on the shop floor, providing a great service on our tills, or helping with our stock in in the stock rooms * Work with other members in the team to provide a great shopping experience, ensuring the store is always clean and presentable to provide a store everyone can be proud of **What You’ll Need To Have** Full training is provided for this role, and we are looking for people who * Excel in a varied environment, working at pace * Communicate and listen effectively * Enjoy working as part of a team, promoting a collaborative team dynamic * Know that the little things make the biggest difference for customer interactions * Desire to be a proud brand ambassador for Boots and help our customers find the best products for them **It would be great if you also have** * Experience providing customer care and delivering great customer service but this is not essential. **Our Benefits** * Pension membership (PRSA) * Partial paid maternity leave * Discretionary annual bonus * Generous employee discounts * Flexible benefits scheme We have a great range of benefits in addition to the above that offer flexibility to suit you - find out more at **boots.jobs/ireland** . Exclusions may apply, eligible roles only. *Please note, any salary estimates given on third-party sites are not provided or endorsed by Boots and may not be accurate.* **Why Boots** At Boots, we foster a working environment where consideration and inclusivity help everyone to be themselves and reach their full potential. We are proud to be an equal opportunity employer, passionate about embracing the diversity of our colleagues and providing a positive and inclusive working environment for all. As the heart of everything we do at Boots, with you, we change for the better. **What's Next** If your application is successful, you'll be invited to an in-store interview in the next 14 days. Where a role is advertised as full-time, we are open to discussing part-time and job share options during the application process. If you require additional support as part of the application and interview process, we are happy to provide **reasonable adjustments** to help you to be at your best.",https://www.linkedin.com/jobs/view/4476171648,True
Customer Assistant,Boots Ireland,"Dublin, County Dublin, Ireland",linkedin,"Joining us as a Customer Assistant is a great opportunity, whether it’s your first job and you’re looking to gain some valuable experience, or you have experience with retail and you’re looking for a new challenge, this is the start of a new career with us **About The Role** You will work onsite and report into the Assistant or Store Manager and your role could be to help on the tills, advise our customers, or work in our back shop. You will also: * Help our customers and put them at ease; whether that’s listening to find out more about them, answering questions and giving great advice on our fantastic products, recommending items they hadn’t considered or simply offering a basket - it's the little things that make a difference * Get to know our in-store offers and schemes and promote them - the more info we can give our customers, the better. * Help our stores run smoothly - this could look like ensuring we have the right products displayed on the shop floor, providing a great service on our tills, or helping with our stock in in the stock rooms * Work with other members in the team to provide a great shopping experience, ensuring the store is always clean and presentable to provide a store everyone can be proud of **What You’ll Need To Have** Full training is provided for this role, and we are looking for people who * Excel in a varied environment, working at pace * Communicate and listen effectively * Enjoy working as part of a team, promoting a collaborative team dynamic * Know that the little things make the biggest difference for customer interactions * Desire to be a proud brand ambassador for Boots and help our customers find the best products for them **It would be great if you also have** * Experience providing customer care and delivering great customer service but this is not essential. **Our Benefits** * Pension membership (PRSA) * Partial paid maternity leave * Discretionary annual bonus * Generous employee discounts * Flexible benefits scheme We have a great range of benefits in addition to the above that offer flexibility to suit you - find out more at **boots.jobs/ireland** . Exclusions may apply, eligible roles only. *Please note, any salary estimates given on third-party sites are not provided or endorsed by Boots and may not be accurate.* **Why Boots** At Boots, we foster a working environment where consideration and inclusivity help everyone to be themselves and reach their full potential. We are proud to be an equal opportunity employer, passionate about embracing the diversity of our colleagues and providing a positive and inclusive working environment for all. As the heart of everything we do at Boots, with you, we change for the better. **What's Next** If your application is successful, you'll be invited to an in-store interview in the next 14 days. Where a role is advertised as full-time, we are open to discussing part-time and job share options during the application process. If you require additional support as part of the application and interview process, we are happy to provide **reasonable adjustments** to help you to be at your best.",https://www.linkedin.com/jobs/view/4476176299,True
Cybersecurity Graduate Consultant,Arup,"Dublin, D, IE",indeed,"Cyber Security Europe Region  DUB0000XS Requisition # Graduate - Cybersecurity See it differently You see the world through a unique lens and that’s exactly what we need. We embrace how you see things differently – it’s essential for creating a sustainable future. Arup is a global consultancy with advisory and technical expertise across more than 150 disciplines. We guide, plan and design the future of the built environment. Globally, each year we recruit hundreds of graduates and students who help us see things differently and solve the most complex challenges facing our clients, climate and communities. The Opportunity The Cybersecurity team embodies Arup’s Total Design philosophy by integrating people, processes, technology and physical assets into cohesive cybersecurity strategies that are embedded from concept through to implementation. The team works with a variety of public sector organisations, including Transport Infrastructure Ireland. With reference to our Cybersecurity service within Digital Services, it exemplifies Arup’s Total Design by embedding cybersecurity and resilience governance frameworks, proactive cybersecurity risk intelligence and compliance assurance into the design, implementation and operational phase of projects—ensuring that systems, processes and people are holistically protected from cybersecurity threats. Arup is at the forefront of smart and connected building, city and transport technology and our cyber-advisory specialists have expertise in Operational Technology (OT), Industrial Automation Control Systems (IACS) and IoT technology. We advise clients on risk and vulnerability analysis and propose mitigation strategies that enhance infrastructure resilience and safety. This is an office-based role, with successful candidates expected to work 5 days per week in the Arup office in Cork or Dublin The candidate will be expected to: * Deliver high-quality cyber advisory services to Arup projects and clients * Support cybersecurity risk, gap and assurance assessments across digital, cloud, system, application, AI, Data * Contribute to Operational Technology /Industrial Automation Control System security requirements, architectures and governance outputs * Engage with stakeholders to understand risks and provide clear recommendations * Support supplier assurance, documentation reviews and audit readiness * Produce structured deliverables (risk registers, requirements, reports, roadmaps, specifications) * Support proposals, scope development and delivery planning * Collaborate with multidisciplinary teams to embed cybersecurity into project outcomes Is this role right for you? Arup is looking for a technically capable cybersecurity Graduate with experience in cybersecurity risk-based advisory and assurance, who communicates clearly and enjoys working in multidisciplinary teams supporting the built environment and connected infrastructure For this opportunity, we are seeking the following qualifications, skills and attributes: A minimum Undergraduate / Bachelor's level (or equivalent) in: * Computer Science (incl. Cybersecurity); Data Science / Engineering * Risk Management; Threat & Vulnerability Management; Security Design; Network Security; Infrastructure Security; Application Security; Data Security; Cloud Security (AWS; Azure; Google Cloud); * Network Design; Application Design; Cybersecurity Management; NIST CSF; ISA/IEC 62443; ISO 19650; CompTIA Security+; CompTIA Cybersecurity Analyst+, CompTIA Network+; * Problem Solving; Technical Excellence; Communication (written and verbal) https://www.arup.com/en-us/services/technology-and-cybersecurity-consulting/ https://www.arup.com/services/resilience-security-and-risk/ * To be considered for a graduate opportunity, your application must include a copy of your academic transcript and meet the following criteria: * Full working rights in the country of application * No more than 12 months of full-time experience in a comparable role * Recently graduated, or on track to graduate, from your most recent degree, related to your role of choice, before employment starts. Alongside your degree, we look for the following core attributes; * Changemakers: A passion for sustainable development and creating a better world is key. * Innovative minds: We’re looking for critical thinkers who embrace new ideas and challenge the status quo. * Growth seekers: You have a growth mindset, always eager to learn and explore new ways of working. * Adaptable adventurers: You’re ready to take on any challenge that comes your way. **Closing date:** 12 November 2026 Please note, in the event of high applicant volume, this role may be closed ahead of the advertised closing date. Early application is recommended. **Eligibility** Please note that we are unable to offer visa sponsorship for this role. Therefore, you must ensure that you are eligible to work permanently in Ireland without our sponsorship. What we offer you At Arup, we care about each member’s success, so we can grow together. Guided by our values, we provide an attractive total reward package that recognises the contribution of each of our members to our shared success. As well as competitive, fair and equitable pay, we offer a career in which all of our members can belong, grow and thrive – through benefits that support health and wellbeing, a wide range of learning opportunities and many possibilities to have an impact through the work they do. We are owned in trust on behalf of our members, giving us the freedom, with personal responsibility, to set our own direction and choose work that aligns with our purpose and adds to Arup’s legacy. Our members collaborate on ambitious projects to deliver remarkable outcomes for our clients and communities. Profit Share is a key part of our reward, enabling permanent members to share in the results of our collective efforts. We take an approach to flexible working that supports the diversity and wellbeing of our graduates. Different people, shared values Arup is an equal opportunity employer that actively promotes and nurtures a diverse and inclusive workforce. We welcome applications from individuals of all backgrounds, regardless of age (within legal limits), gender identity or expression, marital status, disability, neurotype or mental health, race or ethnicity, faith or belief, sexual orientation, socioeconomic background, and whether you’re pregnant or on family leave. We are an open environment that embraces diverse experiences, perspectives, and ideas - this drives our excellence. Guided by our values and alignment with the UN Sustainable Development Goals, we create and contribute to equitable spaces and systems, while cultivating a sense of belonging for all. Our internal employee networks support our inclusive culture: from race, ethnicity and cross-cultural working to gender equity and LGBTQ+ and disability inclusion – we aim to create a space for you to express yourself and make a positive difference. Discover more about life at Arup at www.arup.com/careers/your-life-at-arup. We are an open environment that embraces diverse experiences, perspectives, and ideas. We are committed to providing an inclusive recruitment process. Candidates may inform us of any disability, learning difference, or other circumstance that may require reasonable adjustments for interviews or assessments. Any information provided will be used only to make appropriate arrangements and will not be considered in any other aspect of your application or selection process. #IRELAND\_GRADS",https://ie.indeed.com/viewjob?jk=1fce435b048ce14a,True
DSE & Enablement Healthy Working Advisor,Elvis Eckardt Recruitment,"Dublin, County Dublin, Ireland",linkedin,"**DSE & Enablement Healthy Working Advisor** **Location:** This is a full-time, permanent and office-based position in Dublin. You must be comfortable working on-site daily. **Salary:** €30,000–€38,000 We are recruiting a DSE & Enablement Healthy Working Advisor to join the workplace health and wellbeing team of a major international organisation in Dublin. This is a permanent, full-time position supporting employees with Display Screen Equipment assessments, workplace ergonomics, reasonable adjustments and wider healthy-working requirements. The role suits someone with hands-on DSE assessment experience in a corporate environment who enjoys working directly with employees to resolve workplace comfort, ergonomic, and accessibility issues. You will work with employees who may require additional support due to musculoskeletal concerns, pregnancy, neurodiversity, disability or other health-related requirements, helping identify appropriate workplace adjustments and practical solutions. **What you’ll be doing:** **You will:** * Conduct individual DSE and Healthy Working Assessments * Carry out assessments for high-risk employees and new and expectant mothers * Support employees requiring workplace enablement or reasonable adjustments * Review workstation setups and identify ergonomic risks or areas for improvement * Recommend appropriate ergonomic equipment, furniture and workplace adjustments * Conduct both face-to-face and video-based assessments * Produce clear, accurate assessment reports and document recommendations * Manage follow-up assessments and individual cases through to resolution * Work with HR, Health & Safety, Office Operations and Technology teams where required * Support employees with more complex health, accessibility or neurodiverse requirements * Assist with the organisation's on-site Accessibility Centre * Deliver employee drop-in sessions and guide healthy working practices * Liaise with specialist external providers where additional support is required * Support employees at Dublin offices and occasionally at other Dublin client locations **What we’re looking for:** Ideally, you will have at least one year of practical experience carrying out DSE or Healthy Working Assessments. **You should have:** * Experience conducting DSE/workstation assessments * A good understanding of workplace ergonomics * Knowledge of ergonomic equipment and furniture * An understanding of workplace Health & Safety requirements * Confidence dealing directly with employees, including individuals with more complex health or accessibility needs * Strong written communication and report-writing skills * Good organisational and case-management skills * Confidence working independently and managing your own appointment schedule * Good working knowledge of Microsoft Office, Teams and related workplace systems Experience using DSE assessment platforms such as Cardinus would be advantageous. Candidates from Physiotherapy, Occupational Health, Occupational Therapy, Ergonomics or similar backgrounds may also be considered where they can demonstrate relevant workplace assessment experience. **Right to Work:** Applicants must already hold the unrestricted right to work in Ireland. Unfortunately, visa sponsorship is not available for this position. **Start Date:** The organisation is looking to appoint as soon as possible, so candidates available at short notice are particularly welcome. If you have experience supporting employees with workplace ergonomics, DSE assessments and healthy-working solutions and would like to join a large international organisation, we would be interested in hearing from you. Contact: Elvis Eckardt",https://www.linkedin.com/jobs/view/4473742502,True
Data Protection/Freedom of Information Officer/Oifigeach Cosanta Sonraí / um Shaoráil Faisnéise,Incorporated Orthopaedic Hospital Of Ireland,"Dublin, D, IE",indeed,"**Position: Data Protection/Freedom of Information Officer** **Contract: Permanent Part-time - Onsite** **Hours: 21 hours per week** **Salary range: HSE Consolidated pay-scale (Current Applicable Scale)** **Reporting to: Chief Executive Officer** **Closing date: 19 October 2026** **Organisational Context** Clontarf Hospital is a 160-bed Voluntary Hospital providing rehabilitation Services under Section 38 of the Health Act 2004 for Adults and Older Persons. At Clontarf Hospital, our committed, expert and compassionate staff provide excellent care to patients on their rehabilitation journey. Our goal is to work in partnership with patients, providing care that is tailored to their unique needs, empowering them to achieve their optimum level of independence at home and in their communities. The patient pathways include: * Older Persons Rehabilitation * Step-up beds and hospital avoidance pathways with the Integrated Care Team for Older Persons (ICPOP Team) * Specialist Rehabilitation Services including neuro-rehabilitation and rehabilitation after trauma for adults and older persons * Orthopaedic Rehabilitation The Hospital has close links with the Mater Hospital, Beaumont Hospital, The National Orthopaedic Hospital, HSE Services and our Community Partners. **Role Summary** The Data Protection / Freedom of Information Officer holds primary operational and statutory responsibility for overseeing Clontarf Hospitals adherence to data protection laws and the Freedom of Information (FOI) Act 2014. The post holder reports directly to the Chief Executive Officer, maintaining the professional independence required to act as the formal statutory Data Protection Officer (DPO) and formal Information Decision Maker. **Essential Criteria** * Hold a 3rd Level qualification in a relevant field e.g., Data Protection, Information Compliance, Law, Records Management or a related discipline. * Have a minimum of 2 years experience in the area of Data Protection, Information Management and/or Records Management or similar role. * Experience managing GDPR and FOI processes. * Strong knowledge of Irish and EU Data Protection legislation. * Excellent organisational, analytical and decision-making skills. * High standard of integrity, professional judgement and communication skills. * Ability to work with multiple internal and external stakeholders. * Fluent command and understanding of the English language to include spoken and written word. **Duties and Responsibilities** **Data Protection Advisory & Compliance** * Act as the principal point of contact for the Data Protection Commission (DPC) on all data protection issues and monitor all ongoing responses to regulatory requests. * Serve as the formal point of contact for internal and external regulatory organisations, patients, and staff regarding the processing of personal data. * Act as the first point of contact for data subjects wishing to make a formal complaint in relation to their rights and freedoms. * Work with the hospitals ICT manager to develop ICT policies and procedures as they relate to GDPR, privacy laws, and data protection. * Assist and advise on corporate business decisions that carry data protection implications, ensuring that decisions are designed with data protection and privacy in mind. * Provide structured GDPR and Data Protection Act compliance planning and advisory support to Heads of Services/Departments in the hospital as necessary. * Assist and advise on the development, enhancement, and revision of Hospital policies, procedures, standards, guidelines, best practices, templates, and checklists. Ensure materials reflect changes in laws, regulatory mandates, or Hospital standards to drive operational consistency. * Prepare and communicate comprehensive reports regarding data protection compliance breaches and other relevant compliance updates to the CEO, the Executive Management Team, the Hospital Board and the Data Protection Commissioner. * Provide structured monthly updates directly to the CEO on all matters relating to data protection and GDPR compliance. * Ensure the timely adoption and execution of all GDPR and data privacy compliance requirements across all hospital departments. **Data Governance Operations & Registers** * Centralise, maintain, and formally audit the organisational Record of Processing Activities (RoPA)under Article 30 of the GDPR. * Maintain a centralised register of signed Clontarf Hospital Data Sharing Agreements (DSAs) * Provide ongoing advice to Heads of Departments regarding GDPR compliance to ensure that formal agreements are actively in place for all existing and new contracts with third parties who process (view, access, store, or process) identifiable patient or employee data. * Actively review and assess any reported data protection incidents recorded on the Hospitals Data Breach Log. Direct notifications to the Data Protection Commission as appropriate, and provide technical advice alongside letter templates to departments for formal breach notifications to affected data subjects. * Act as an advocate for data protection and privacy within Clontarf Hospital. Promote compliance by designing, updating, and delivering GDPR awareness and education training courses to hospital staff regarding the foundational importance of data protection in a rehabilitation hospital environment. **Data Protection Impact Assessments (DPIAs)** * Undertake and systematically review completed Data Protection Impact Assessments (DPIAs) submitted by internal departments and external stakeholders. * Audit all newly proposed data processing activities, including new ICT systems, new mobile applications, research ethics applications, and new Electronic Referral Systems etc. * Recommend clear mitigating steps to reduce data risks if they are not initially identified by stakeholders. Risks must be deemed entirely acceptable under statutory frameworks for the post holder to formally sign off on the activity from a GDPR perspective. **Freedom of Information (FOI) Decision Maker** * Responsibility for the end-to-end management of the hospital's FOI process. * Recording of requests, open communication with requesters, and adherence to statutory timeframes. * Co-ordinate and cross-reference records with relevant colleagues, hospital departments, and external agencies as appropriate. * Review and assess records, applying relevant legal exemptions appropriately to ensure strict adherence to the provisions of the FOI Act 2014. * Formulate and issue legally sound, timely decisions in line with the provisions of the FOI Act. * Maintain FOI files documenting the underlying decision and all relevant procedural matters to demonstrate institutional compliance with the Act and to aid internal or external reviews. * Liaise directly with the Appeals Officer when required. Prepare submissions to the Office of the Information Commissioner (OIC) when required. **GDPR Decision Maker (Information Requests / DSARs** * Lead the management of the GDPR process for all information requests, acting as the primary point of contact for Subject Access Requests under Article 15 of the GDPR. * Ensure the logging of requests, transparent communication with the requester, and adherence to strict statutory timelines. * Apply relevant restrictions or exemptions in line with GDPR and the Data Protection Acts 19882018. * Maintain files documenting the decision and all relevant procedural matters to demonstrate full compliance with GDPR and to aid independent reviews. * Compile and provide formal statistical information on SAR data for reporting to the EMT, Hospital Board and HSE Consumer Affairs. * Prepare formal submissions to the Office of the Data Protection Commission where required. **Competencies** **Leadership, Teamwork and Working with Multiple Internal and External Stakeholders** * Inspires commitment from a range of teams, brings complex matters to conclusion, regularly demonstrates unique insight and is an effective decision maker. * Have the ability to work on own initiative, be approachable and available for advice and support. * Motivates others individually and in teams to deliver high-quality work and develops effective and productive workplace relationships. * Maintains absolute focus, provides clarity and advice on all matters related to GDPR and data protection. * Demonstrates commitment to professional development. * Excellent evaluation, decision making, organisational and time management skills with the ability to work to deadlines. * Leads by example in terms of commitment, flexibility and a strong patient service ethos to achieve desired outcomes. * Harnesses resources to deliver on longer-term goals, manages resistance and setbacks as they arise. * Gathers information from enough sources and other people to make well-informed decisions. * Recognises when it is appropriate to refer issues to senior management. * Effectively introduces change, fosters a culture of creativity in employees and overcomes resistance to change. * Demonstrates flexibility and an openness to change and keeps abreast of new regulations and laws. * Good communication and team working capability, and an ability to take necessary actions and responsibility for the same. * Assist the Executive Management Team in achieving the hospitals strategic objectives as it relates to GDPR and data protection. **Communication** * Demonstrate excellent interpersonal and communicative skills across all clinical, administrative, and executive groups in the hospital * Provide reports for the CEO and Board as required. * Establish and maintain effective communication networks within service groups, wards and departments within the Hospital. * The post holder will work collaboratively with medical, nursing, pharmacy, health and social care professionals, administrative, ICT and support departments across Clontarf Hospital to establish and maintain effective corporate and departmental systems to ensure that all personal and sensitive health information is handled, processed, stored, and retained in line with Hospital policies, procedures, national healthcare standards, and applicable legislation. * Maintain effective liaison with the Data Protection Commissioner, relevant HSE personnel and other external stakeholders as required. **Learning and Education** * Promote and support a learning and continuous improvement culture across the Hospital * Lead, attend and participate in relevant staff development programmes on an ongoing basis and share knowledge with other staff members * Lead in the training of colleagues as required. * Identify training and professional development requirements across the Hospital **Risk Management and Compliance** * Ensure compliance with all relevant guidelines, policies, procedures and relevant legislation and regulatory requirements. * Participate in the continuous review and evaluation of policies, guidelines and existing practices through regular audit programmes and review engaging with the multi-disciplinary team where required. * Assist in promoting a culture of continuous quality improvement across the Hospital. * Participate in the requirements of the Hospitals risk management programme. * Support the delivery of a high standard of care to all patients. * Ensure compliance with the obligations required by the Data Protection Acts, GDPR and Freedom of Information (FOI) Acts. **CONFIDENTIALITY** In the course of your employment you may have access to, or hear information concerning, the medical or personal affairs of patients and/or staff, or other health service business. Such records and information are strictly confidential and, unless acting on the instructions of an authorised officer, on no account must information concerning staff, patients or other health service business be divulged or discussed except in the performance of normal duty. In addition, records must never be left in such a manner that unauthorised persons can obtain access to them and must be left in safe custody when no longer required. **The above role profile is not intended to be a comprehensive list of all duties involved and consequently the post holder may be required to perform other duties as appropriate to the post which may be assigned to him/her from time to time and to contribute to the development of the post while in office. This role profile will be subject to review in light of changing circumstances.** **Garda Clearance** Arrangements have been introduced, on a national level, for the provision of Garda Clearance in respect of candidates for employment in areas of the Health Services, where it is envisaged that potential employees would have substantial access to children or vulnerable individuals. Each candidate will be required to complete a Garda Clearance form. **Infection Control** Have a working knowledge of Health Information and Quality Authority (HIQA) Standards as they apply to the role, for example, Standards for Healthcare, National Standards for the Prevention and Control of Healthcare Associated Infections, Hygiene Standards etc. and comply with associated HSE and Hospital protocols for implementing and maintaining these standards as appropriate to the role. **Benefits and Opportunities** * Supportive, inclusive and collegial working environment that values staff wellbeing and mutual respect * Opportunity to gain broad and meaningful clinical experience across a diverse range of rehabilitation cases, supporting both professional confidence and career development * Strong collaborative working within a multidisciplinary team, promoting shared learning and best practice * Active support for Post-Graduate Education and Continuous Professional Development, with a strong emphasis on ongoing learning and professional growth * Flexible working arrangements, where possible, to support worklife balance * Access to free on-site car parking * Subsidised staff canteen * Membership of a public sector pension scheme * Access to Occupational Health Services * Staff support and counselling services, reflecting our commitment to employee wellbeing and psychological safety **OTHER REQUIREMENTS SPECIFIC TO THE POST** **The post holder may be required to perform other duties as appropriate to the post, which may be assigned to him/her from time to time, and to contribute to the development of the post while in office.** **This job description will be subject to review in the light of changing circumstances.** **It is not intended to be exhaustive but should be regarded as providing guidelines within which individuals work.** **The duties and responsibilities detailed above reflect the present service requirements and may be subject to review and amendment to meet the changing needs of the service.** Short listing may be carried out on the basis of information supplied in your Application Form. The criteria for short listing are based on the requirements of the post as outlined in the eligibility criteria and skills, competencies and/or knowledge section of this job specification. Therefore, it is very important that all experience is outlined in light of those requirements. **Failure to include information regarding these requirements may result in you not being called forward to the next stage of the selection process.** **Please note this competition can be closed early in the event of large volume of applicants.**",https://ie.indeed.com/viewjob?jk=91a422070cc94257,True
Deli Assistant,Compass Group Ireland,"Kildare, County Kildare, Ireland",linkedin,"We have an exciting opportunity for an ambitious **Deli Assistant** to help us create exceptional food experiences for Compass Group Ireland on a **full time basis** , contracted to **37.5 hours per week, Monday to Friday (daytime)** As a **Deli Assistant** , you will be working in a passionate and hard-working team to create an outstanding culinary experience for our customers. In return, you will have the chance to progress your career with a company that invests in its people, celebrates individuality, and rewards and recognises employees who go beyond the plate. In return we offer support and development to grow within our business alongside a competitive salary. Could you bring your spark to Compass Group Ireland? Here's what you need to know before applying: **Your Key Responsibilities Will Include** * Preparing delicious, high-quality food that delights our clients and customers * Being an enthusiastic team player and excellent communicator * Helping with general kitchen tasks as directed * Representing Compass Group UK&I and maintaining a positive brand image * Complying with Food Handling & Hygiene standards * Complying with Health & Safety regulations **Our Ideal Deli Assistant Will** * Be a brilliant communicator and easily build relationships * Strive for excellence in an eager and motivated manner * Take initiative and make decisions that are right for our customers * Have a desire to succeed in your role * Possess the ability to work under pressure * Demonstrate exceptional timekeeping and reliability * Passionate about great-tasting food At Compass Ireland, our people are our business. When you join the Compass Group you will be joining a supportive network of incredible individuals, each united by their passion for going the extra mile for the organisations we partner with. We are building a team who care about providing a great customer experience and want to grow and develop as we do. We are dedicated to investing in every colleague joining us and pride ourselves on being an equal opportunity employer; we celebrate diversity and are committed to building an inclusive environment for all our colleagues. We consider qualified applicants regardless of criminal histories, consistent with legal requirements. Please review our Privacy Notice for details on how we maintain, protect and why your personal data is collected when you apply for a job with Compass Group. We will not retain any CV's or job applications for longer than necessary. Job Reference: com/0510/94782001/52837603/ROI #Republic of Ireland Compass Group UK&I is committed to fostering an environment where every individual can truly be themselves at work and has equal opportunities to advance in their careers. We strive to build a culture that respects and celebrates the unique talents, beliefs, backgrounds, and abilities of all our team members. We want our colleagues to feel valued, empowered to reach their full potential, and to thrive - because diversity is our strength!",https://www.linkedin.com/jobs/view/4476153838,True
Deli Cook ¦ The Kinnegad Plaza,Supermac's,"Kinnegad, County Westmeath, Ireland",linkedin,"**Description** * Please note: this position does not offer visa sponsorship.\*\* **Join our Team!** We are currently recruiting a **Deli Cook** to join the team at Mac’s Place Deli in the Kinnegad Plaza. Be part of a dynamic food environment delivering high-quality fresh meals to our customers. **Key Requirements (Essential)** * Minimum 1 year of experience working as a commis chef, line cook, or chef de partie. * Strong skills in the preparation and cooking of a wide variety of dishes, including different types of meats (beef, pork, chicken, etc.), a variety of side dishes (e.g., vegetables, mashed potatoes, rice, etc.), and other hot and cold items. * Familiarity with commercial kitchens, portion control, and HACCP standards. * Ability to take direction, learn new methods, and work efficiently in a busy food service environment. * Availability to work within operating hours (6 a.m. to 7 p.m.), Monday to Sunday, is required. **Main Responsibilities** * Support the daily operations of the hot and cold deli and fresh food counters. * Prepare, cook, and serve a wide variety of hot and cold dishes in line with the deli's menu. * Maintain high standards of food presentation, quality, and cleanliness at all times. * Assist in menu development to ensure diverse, tasty offerings for customers. * Follow all food safety regulations, including HACCP and hygiene requirements. * Participate in stock control, ordering, and proper food storage and rotation. * Collaborate with the chef and deli manager on promotions, cost control, and portioning. * Deliver excellent customer service and work well within a team. * Be flexible with scheduling and support other team members as needed. **Additional Duties Include** * Maintaining a clean, safe, and organised work area. * Supporting the training and cross-training of deli staff. * Contributing to the deli’s profitability by controlling food waste and operating costs. * Helping resolve customer complaints in a professional and timely manner. * Assisting with administrative tasks such as completing HACCP logs and monitoring food margins.. **""Only candidates who currently have the legal right to work in Ireland will be considered.""**",https://www.linkedin.com/jobs/view/4476128931,True
EHS Administrator,Primark,"Dublin, County Dublin, Ireland",linkedin,,https://www.linkedin.com/jobs/view/4475848268,True
Electrical Technician,CBRE,"Dublin, County Dublin, Ireland",linkedin,"**About The Role** As a CBRE Electrical Technician, you will inspect, repair, replace, install, wire, adjust, and maintain all equipment for an assigned location. This job is part of the Engineering and Technical Services job function. They are responsible for providing support, preventive maintenance, and repairs on equipment and systems. **What You’ll Do** * Review and follow instructions covering the scheduled and emergency repair, installation, and inspection of work to be done. * Advise when the immediate shutdown of equipment is necessary to minimize damage, or when temporarily continued operations will have no harmful effect. * Dismantle, clean, repair, replace, etc. electrical equipment taking all safety precautions. * Make mechanical repairs as required in connection with the servicing of electrical equipment. * Install, splice, or replace sections of wire incidental to repair or temporary installation. * Make emergency mechanical repairs without other maintenance personnel. * Use existing procedures to solve straightforward problems while having a limited opportunity to exercise discretion. * Impact through clearly defined duties, methods, and tasks are described in detail. * Deliver own output by following defined procedures and processes under close supervision and guidance. **What You’ll Need:** * High School Diploma, GED, or trade school diploma with 1-2 years of job-related experience. In lieu of a diploma, a combination of experience and education will be considered. * Meet the physical requirements of this role including stooping, standing, walking, climbing stairs/ladders, and the ability to lift/carry heavy loads of 50 lbs. or more. * Ability to follow basic work routines and standards in the application of work. * Communication skills to exchange straightforward information. * Working knowledge of Microsoft Office products. Examples include Word, Excel, Outlook, etc. * Strong organizational skills with an inquisitive mindset. * Basic math skills. Ability to calculate simple figures such as percentages, discounts, and markups.",https://www.linkedin.com/jobs/view/4476318407,True
Enterprise Business Development Representative,Protex AI,"Dublin, County Dublin, Ireland",linkedin,"We are a Site Intelligence company transforming how industrial businesses operate. Our platform turns your existing infrastructure into a source of actionable operational intelligence, enabling teams to see what's happening, understand why, and improve continuously. By surfacing the operational signals that reports miss, we help the world's largest logistics, manufacturing, and warehousing operators stay one step ahead, making operations visible and driving proactive safety. We're a fast-growing, high-agency team building category-defining products by leveraging the latest technologies in computer vision and AI. Industry leaders like DHL, Amazon, and Tesla trust Protex AI to drive measurable safety improvements, achieving an average 64% risk reduction within just three months of deployment. Operating in 20+ countries, Protex is the go-to safety partner for Fortune 500 manufacturing and logistics enterprises, transforming workplace safety with real-time, AI-powered insights. **About The Role** As an Enterprise Business Development Representative (BDR), you open the doors that drive Protex AI's growth. While our Account Executives focus on closing, you are the force that identifies and engages the next generation of Protex customers. This is a role for someone who wants to master outbound prospecting from the ground up. You'll be the first point of contact for the companies we want to work with, representing our brand and building the pipeline that fuels the business. This is a role with a clear path forward — our strongest BDRs grow into senior sales roles as the company scales. **Day to Day** * Identify high-potential companies with industrial, manufacturing, and production sites that would benefit from Protex AI across your region * Work with the Sales and Marketing teams to develop and run outbound prospecting campaigns, from idea through to qualified call * Engage safety and operations decision-makers by phone, email, and LinkedIn * Book qualified introductory meetings for our Account Executives and support them through the early stages of the sales cycle * Manage and qualify inbound requests * Keep lead and prospect activity accurate and up to date in our CRM * Meet and exceed quarterly meeting and opportunity targets * Represent Protex AI at Health and Safety conferences and expos across Europe * Build strong relationships with Marketing and the Account Executive team, working together to win **What We're Looking For** * An early-career professional with a genuine passion for sales, eager to build a career with a fast-growing company * Motivated by targets — you do what it takes to hit your numbers * A positive, entrepreneurial attitude: curious, comfortable working independently, and unafraid to figure out what works * Excellent communicator and a natural team player who collaborates easily across functions * Comfortable learning new digital tools quickly to work efficiently * Someone genuinely excited to work for a fast-scaling startup * You will need to be onsite in our office in Dublin or Boston two days per week **Package** OTE €60,000 Dublin OTE $80,000 Boston Plus stock options, healthcare and pension plan. **Please note: We cannot offer visa sponsorship for this role.** **You will be required to be hybrid in our office at least 2 days per week.** Protex AI is an inclusive and equal opportunities employer. We are committed to creating an equitable workplace for everyone regardless of gender, civil status, family status, sexual orientation, religion, age, disability, education level, or race.",https://www.linkedin.com/jobs/view/4444970278,True
Finance Analyst - Fuel,Ryanair - Europe's Favourite Airline,"Swords, County Dublin, Ireland",linkedin,"Ryanair, over our 40 year history has grown to become Europe's largest airline group connecting more guests across more routes than any other European carrier. We are a fast-paced, ambitious and innovative company, offering exciting career opportunities across aviation, technology, operations and support functions. Now is a fantastic time to join as we look to grow to over 800 aircraft and 300m guests within the next 8 years. **Job Description** We're looking for a detail-oriented Finance Analyst - Fuel to join our team in Swords, Dublin, Ireland. The Finance Analyst - Fuel will be required to work in a busy and demanding team environment within the Finance function of Ryanair. The role provides an excellent opportunity for candidates to work alongside the Finance team and is a great first step for a future career in Ryanair or for someone looking to move into the finance function * Authorization of Fuel invoices for the Ryanair Group within Airpas. * Support the production of monthly fuel accounts. * Maintaining and updating of fuel contracts and foreign exchange rates in Airpas when needed. * Reporting of monthly updates through the BI system and the attaching of all relevant back up before authorization by reporting manager. * Review and analysis of fuel costs for use in the fuel tender. * Work in collaboration with the Accounts Payable team to ensure all fuel suppliers are paid in line with the agreed credit terms. * Assist in resolving payment queries with suppliers * Preparation of a weekly Fuel Ops report. * Ad-hoc duties & projects **Qualifications** * Working knowledge of Microsoft Excel and Word * Strong attention to detail, analytical, interpretative, numerical and problem-solving skills * Excellent time management skills with the ability to prioritise tasks and work to strict deadlines * All candidates should be self-motivated, flexible and dynamic with good communication skills. The ability to work as part of a team is essential **Additional Information** * Competitive salary * Discounted and unlimited travel to over 250 destinations * Defined Contribution Pension Scheme * Death in Service Benefit – Up to 2 times of annual basic salary * 20 Days Annual Leave – Increasing to 22 days after 12 months and 25 days after 3 years of continuous service. * Option for up to 5 additional unpaid leave days per year * Cycle 2 Work Scheme * Unrivalled career progression",https://www.linkedin.com/jobs/view/4474050643,True
Finance Analyst – Fuel,Ryanair - Europe's Favourite Airline,"Swords, County Dublin, Ireland",linkedin,"Ryanair, over our 40 year history has grown to become Europe’s largest airline group connecting more guests across more routes than any other European carrier. We are a fast-paced, ambitious and innovative company, offering exciting career opportunities across aviation, technology, operations and support functions. Now is a fantastic time to join as we look to grow to over 800 aircraft and 300m guests within the next 8 years. We’re looking for a detail-oriented Finance Analyst – Fuel to join our team in Swords, Dublin, Ireland. The Finance Analyst – Fuel will be required to work in a busy and demanding team environment within the Finance function of Ryanair. The role provides an excellent opportunity for candidates to work alongside the Finance team and is a great first step for a future career in Ryanair or for someone looking to move into the finance function * Authorization of Fuel invoices for the Ryanair Group within Airpas. * Support the production of monthly fuel accounts. * Maintaining and updating of fuel contracts and foreign exchange rates in Airpas when needed. * Reporting of monthly updates through the BI system and the attaching of all relevant back up before authorization by reporting manager. * Review and analysis of fuel costs for use in the fuel tender. * Work in collaboration with the Accounts Payable team to ensure all fuel suppliers are paid in line with the agreed credit terms. * Assist in resolving payment queries with suppliers * Preparation of a weekly Fuel Ops report. * Ad-hoc duties & projects * Working knowledge of Microsoft Excel and Word * Strong attention to detail, analytical, interpretative, numerical and problem-solving skills * Excellent time management skills with the ability to prioritise tasks and work to strict deadlines * All candidates should be self-motivated, flexible and dynamic with good communication skills. The ability to work as part of a team is essential * Competitive salary * Discounted and unlimited travel to over 250 destinations * Defined Contribution Pension Scheme * Death in Service Benefit – Up to 2 times of annual basic salary * 20 Days Annual Leave – Increasing to 22 days after 12 months and 25 days after 3 years of continuous service. * Option for up to 5 additional unpaid leave days per year * Cycle 2 Work Scheme * Unrivalled career progression",https://www.linkedin.com/jobs/view/4474971317,True
Finance Associate,WILLIAM FRY LLP,"Dublin, County Dublin, Ireland",linkedin,"**Title: Finance Associate** **Reports to: Finance Manager** **Duration: Full-time and Permanent** **The Team** We are currently looking for a Finance Associate to work in our Finance Department. This role is an ideal opportunity for someone looking to broaden their Finance experience and work with a dynamic team **The Role** In this role you will be responsible for * Managing the Billing Inbox in prompt and efficient manner * Processing bills. * eBilling – uploading invoices to eBilling Portals. * Posting transactions to the finance system. * Processing of electronic fund transfer (EFT) payments. * Creating / preparing f journals for posting to the accounting system (using Excel). * Reviewing and approving expenses within the Firm's Expense Management System (Chrome River). * Reviewing and posting Invoices to the accounting system. * Liaising with Solicitors and Assistants in relation to billing queries as well as finance business partnering. * Learning how to use the various dashboards in order to understand the financial information * Responding to vendor queries. * General office duties as required. **The Person** * You have previous Finance department experience, 6 months - 1 year in a similar role in industry. * You are proficient in Excel. * You have a strong work ethic and are keen to learn. * You can work independently and as part of a team. * You have strong interpersonal and communication skills. * You are comfortable with working to strict deadlines. * A 3rd level qualification is preferable. **About us** William Fry is a leading Irish corporate law ﬁrm with offices in Dublin, Cork, London, New York and San Francisco. We have over 350 legal and tax professionals and over 500 staff. Our experts are consistently ranked as top tier by all international legal directories. **Our promise** At William Fry we bring our clients a quality of thinking that goes beyond technical excellence – an instinct for seeing what others do not. We examine every angle to uncover opportunity hiding within complexity – with a depth of leading specialists who understand business as well as law. We are relentless in finding a way for our clients to succeed, helping them to see around corners, navigate challenges and seize opportunities. Our will to win is matched only by that of our clients. **Our purpose** Our people are driven by finding a way for our clients to succeed. This is the defining principle by which we work. Our clients are, and always will be, at the centre of everything we do. The relationships we build, the challenges we help solve, and the value we create for our clients is what drives us. **Our Commitment to Inclusion** William Fry is committed to creating a diverse and inclusive workplace where everyone can thrive. We welcome talent from all backgrounds and value the different perspectives, experiences and skills our people bring to our firm and our clients. Please let us know if you require specific arrangements during the recruitment process. We'll do everything we can to support you. All information disclosed will be kept confidential. **William Fry | Your perspective *needs ours***",https://www.linkedin.com/jobs/view/4475826080,True
Fixed Income Analyst German Language,Infosys BPM,"Dublin, County Dublin, Ireland",linkedin,"**Job Title: Fixed Income Analyst German Role** **Contract: Full time** **About Infosys BPM Ltd** Infosys BPM, the business process management subsidiary of Infosys, provides end-to-end transformative services for clients across the globe. The company’s integrated IT and BPM solutions approach enables it to unlock business value across industries and service lines, addressing business challenges for its clients. Utilizing innovative business excellence frameworks, ongoing productivity improvements, process reengineering, automation, and cutting-edge technology platforms, Infosys BPM helps clients achieve cost reduction objectives, improve process efficiencies, enhance effectiveness, and deliver superior customer experience. We have 35 delivery centers in 14 countries across 6 continents, with 42,000+ employees from over 80+ nationalities. **Role Context** The Fixed Income product offers customers live data on Corporate and Sovereign Bonds, key analytical, industry-specific data points, in accordance with official documentation. This position is an excellent steppingstone to understand Fixed Income dynamics, allowing you to gain a comprehensive understanding of the market through official documentation and apply this knowledge to your daily responsibilities. **Key Responsibilities & Deliverables** * Review and update corporate bond data based on official documentation in internal systems and proprietary software * Respond to and resolve client queries * Ensure quality control of securities entered into proprietary software * Identify discrepancies and reconcile data * Build and maintain relationships with clients and contributors * Participate in time-sensitive projects and collaborate with global colleagues on new initiatives **Essential Criteria** * Demonstrable interest in financial markets and sound knowledge of fixed income * Bachelor’s Degree (or equivalent) in a relevant subject or relevant work experience * Fluent in English and German * Excellent communication and customer service skills * Ability to prioritize tasks and meet tight deadlines * Speed and accuracy in data processing with high attention to detail * Proficiency in MS Excel * Ability to thrive in a fast-paced, team environment * Strong written communication and presentation skills * While previous professional experience is not required, all candidates must meet the specified educational criteria and demonstrate the core skills outlined for this role **Core Competencies & Key Indicators** Customer Orientation: * Demonstrates a strong commitment to delivering excellent customer service and ensuring customer satisfaction. * Responds promptly and effectively to customer inquiries, requests, and concerns. * Builds and maintains positive customer relationships through professional and proactive engagement Analytical Ability: * Demonstrates problem-solving skills and the ability to identify discrepancies in financial data. * Applies logical thinking and attention to detail when reviewing official documentation and reconciling data. High Impact Communication: * Communicates clearly, concisely, and professionally across verbal and written channels. * Tailors messaging to the audience to ensure understanding and effective information sharing. Learning & Innovation: * Demonstrates openness to new ideas, approaches, and ways of working. * Actively seeks opportunities to learn, grow, and apply new knowledge. Benefits for you * Performance‑related bonus * Tax‑saver travel scheme including Bike to Work with Travel Hub * Health insurance plan with 50% employer contribution after 12 months of service * Company‑contributed pension scheme * Enhanced maternity leave benefits * 6 days of paid sick leave per year (after successful completion of probation) * Perkbox * Employee Assistance Programme (EAP) * Access to the Infosys Lex e‑Learning platform * 2 days of study leave * Free onsite parking * Relocation support as per organisation guidelines – T and C Apply Link to apply: https://globalcareers.infosysbpm.com/regional-careers/company-job/description/reqid/149441BR?codes=LinkedIn",https://www.linkedin.com/jobs/view/4474671725,True
Fixed Income Analyst Swedish or Norwegian Language,Infosys BPM,"Dublin, County Dublin, Ireland",linkedin,"**Job Title: Fixed Income Analyst Swedish or Norwegian Role** **Contract: Full time** **About Infosys BPM Ltd** Infosys BPM, the business process management subsidiary of Infosys, provides end-to-end transformative services for clients across the globe. The company’s integrated IT and BPM solutions approach enables it to unlock business value across industries and service lines, addressing business challenges for its clients. Utilizing innovative business excellence frameworks, ongoing productivity improvements, process reengineering, automation, and cutting-edge technology platforms, Infosys BPM helps clients achieve cost reduction objectives, improve process efficiencies, enhance effectiveness, and deliver superior customer experience. We have 35 delivery centers in 14 countries across 6 continents, with 42,000+ employees from over 80+ nationalities. **Role Context** The Fixed Income product offers customers live data on Corporate and Sovereign Bonds, key analytical, industry-specific data points, in accordance with official documentation. This position is an excellent steppingstone to understand Fixed Income dynamics, allowing you to gain a comprehensive understanding of the market through official documentation and apply this knowledge to your daily responsibilities. **Key Responsibilities & Deliverables** * Review and update corporate bond data based on official documentation in internal systems and proprietary software * Respond to and resolve client queries * Ensure quality control of securities entered into proprietary software * Identify discrepancies and reconcile data * Build and maintain relationships with clients and contributors * Participate in time-sensitive projects and collaborate with global colleagues on new initiatives **Essential Criteria** * Demonstrable interest in financial markets and sound knowledge of fixed income * Bachelor’s Degree (or equivalent) in a relevant subject or relevant work experience * Fluent in English and Swedish or Norwegian * Excellent communication and customer service skills * Ability to prioritize tasks and meet tight deadlines * Speed and accuracy in data processing with high attention to detail * Proficiency in MS Excel * Ability to thrive in a fast-paced, team environment * Strong written communication and presentation skills * While previous professional experience is not required, all candidates must meet the specified educational criteria and demonstrate the core skills outlined for this role **Core Competencies & Key Indicators** Customer Orientation: * Demonstrates a strong commitment to delivering excellent customer service and ensuring customer satisfaction. * Responds promptly and effectively to customer inquiries, requests, and concerns. * Builds and maintains positive customer relationships through professional and proactive engagement Analytical Ability: * Demonstrates problem-solving skills and the ability to identify discrepancies in financial data. * Applies logical thinking and attention to detail when reviewing official documentation and reconciling data. High Impact Communication: * Communicates clearly, concisely, and professionally across verbal and written channels. * Tailors messaging to the audience to ensure understanding and effective information sharing. Learning & Innovation: * Demonstrates openness to new ideas, approaches, and ways of working. * Actively seeks opportunities to learn, grow, and apply new knowledge. Benefits for you * Performance‑related bonus * Tax‑saver travel scheme including Bike to Work with Travel Hub * Health insurance plan with 50% employer contribution after 12 months of service * Company‑contributed pension scheme * Enhanced maternity leave benefits * 6 days of paid sick leave per year (after successful completion of probation) * Perkbox * Employee Assistance Programme (EAP) * Access to the Infosys Lex e‑Learning platform * 2 days of study leave * Free onsite parking * Relocation support as per organisation guidelines – T and C Apply Link to apply: https://globalcareers.infosysbpm.com/regional-careers/company-job/description/reqid/153175BR?codes=LinkedIn",https://www.linkedin.com/jobs/view/4474672722,True
Fund Accountant,U.S. Bank,"Dublin, County Dublin, Ireland",linkedin,"At U.S. Bank, we’re on a journey to do our best. Helping the customers and businesses we serve to make better and smarter financial decisions and enabling the communities we support to grow and succeed. We believe it takes all of us to bring our shared ambition to life, and each person is unique in their potential. A career with U.S. Bank gives you a wide, ever-growing range of opportunities to discover what makes you thrive at every stage of your career. Try new things, learn new skills and discover what you excel at—all from Day One. We actively uphold transparent and fair hiring practices that support individual opportunity, inclusive culture, and career mobility across all levels of our organisation. We offer meaningful opportunities for growth, a culture of inclusion, and a strong commitment to transparency and integrity in everything we do. **Job Description** Alternative Investments Associates and Accountants work as part of a team responsible for providing accounting, administration and investor servicing for hedge funds, private equity funds and closed-end registered products. **Key accountabilities:** * Individuals calculate net asset value(s) and disseminate financial and performance information to the investment advisor and their investors. * Acting as primary fund accountant on multiple relationships, ensures all fund accounting functions are in completed in accordance with Generally Accepted Accounting Principles (GAAP). * Records trade information, income/expense activity and applies valuation of securities in the portfolio accounting system. * Enters and reconciles all investor contributions and withdrawals in the partnership accounting system. * Allocates fund level profits to individual investors for preparation and distribution of investor statements. * Reviews and coordinates fund expense analysis and expense processing. * Prepares fund financial statements, audit and tax schedules. **Skills & experience required:** * High school diploma or equivalent * Basic knowledge of Generally Accepted Accounting Principles (GAAP) * Ability to identify and resolve/escalate complex problems with minimal guidance * Ability to manage multiple tasks/projects and deadlines simultaneously * Effective interpersonal, verbal and written communication skills * Proficient computer navigation skills using a variety of software packages including Microsoft Office applications **Additional information:** * The role offers a hybrid / flexible schedule, which means there's an in-office expectation of 3 or more days per week and the flexibility to work outside the office location for the other days. *This position is not eligible for visa sponsorship.* **Accessibility** We are committed to providing an inclusive and accessible recruitment experience. If you need adjustments at any stage of the application or hiring process, please contact your recruiter for guidance and support. **Total Rewards** U.S. Bank is committed to fair, equitable, and transparent compensation practices in line with local regulatory and legal requirements. Our total rewards approach is designed to attract, retain, and support top talent while ensuring equal pay for work of equal value. We offer a market-competitive compensation package that includes: * Clearly defined salary ranges aligned with industry benchmarks and internal equity standards. * Performance-based incentives for eligible employees (as defined by relevant plan rules), awarded through transparent, objective criteria that recognize both individual and company performance. * Inclusive equitable benefits that are accessible to all employees and focused around our 3 main pillars of financial wellbeing, health & wellness). * Continuous development opportunities including training, education support, and career progression pathways based on inclusive and transparent criteria. * Employee recognition programs that celebrate achievements and milestones for all. We regularly review our compensation and benefits to ensure they remain competitive, inclusive, and responsive to employee needs and market trends. Further details of the compensation package will be provided upon application. We encourage candidates to explore the full value of our offer, including monetary and non-monetary benefits, at Employee benefits and development | U.S. Bank | Elavon. **Closing Date** Posting may be closed earlier due to high volume of applicants. We aim to provide timely updates throughout the process and encourage early applications to ensure consideration.",https://www.linkedin.com/jobs/view/4476313181,True
Graduate Data Scientist - Digital Services,Arup,"Dublin, County Dublin, Ireland",linkedin,"See it differently You see the world through a unique lens and that’s exactly what we need. We embrace how you see things differently – it’s essential for creating a sustainable future. Arup is a global consultancy with advisory and technical expertise across more than 150 disciplines. We guide, plan and design the future of the built environment. Globally, each year we recruit hundreds of graduates and students who help us see things differently and solve the most complex challenges facing our clients, climate and communities. The Opportunity We're looking for a Graduate Data Scientist to join our Data Insights team. You will have the chance to work across a unique & wide-ranging portfolio of data projects. The role is focused on delivering data-driven solutions to both internal and external clients. **As a Graduate Data Scientist, You Will** * Support the development and delivery of data science, analytics and AI solutions that help clients solve complex challenges across the transport, energy, water and built environment sectors. * Apply statistical, analytical and programming techniques to collect, prepare, analyse and visualise data, identifying insights that support better decision-making. * Work with multidisciplinary teams to understand stakeholder needs, translate business challenges into data-driven solutions, and contribute to the development of practical tools, dashboards and applications. * Explore and apply emerging AI, machine learning and data technologies, helping Arup and its clients adopt innovative approaches that improve efficiency, enhance insights and deliver better outcomes. * Contribute to a collaborative learning environment by sharing knowledge, adopting best practices, and continuously developing technical and professional skills through training, mentoring and project experience. https://www.arup.com/services/digital/ Is this role right for you? For this opportunity, we are seeking the following qualifications, skills and attributes: An undergraduate or bachelor's degree (or equivalent) in the following disciplines: Data Science; Data Engineering; Mathematics; Statistics; Computer Science; Engineering Technical Skills: Experience and knowledge in some of the following areas: * Machine Learning; Statistics; Data Science and Analytics; Data Visualization * Python Programming; Database Systems and SQL; Data Engineering * Cloud Computing; Artificial Intelligence; Software Engineering; Data Modelling * Data Cleaning and Transformation; Power BI; Git; Tableau; Microsoft Azure * Databricks; AWS; Geospatial Data Analysis To Be Considered For a Graduate Opportunity, Your Application Must Include a Copy Of Your Academic Transcript And Meet The Following Criteria * Full working rights in the country of application * No more than 12 months of full-time experience in a comparable role * Recently graduated, or on track to graduate, from your most recent degree, related to your role of choice, before employment starts. * Alongside your degree, we look for the following core attributes; * Changemakers: A passion for sustainable development and creating a better world is key. * Innovative minds: We’re looking for critical thinkers who embrace new ideas and challenge the status quo. * Growth seekers: You have a growth mindset, always eager to learn and explore new ways of working. * Adaptable adventurers: You’re ready to take on any challenge that comes your way. **Closing Date:** 12 November 2026 Please note, in the event of high applicant volume, this role may be closed ahead of the advertised closing date. We encourage you to apply early. **Eligibility** Please note that we are unable to offer visa sponsorship for this role. Therefore, you must ensure that you are eligible to work permanently in Ireland without our sponsorship. What we offer you At Arup, we care about each member’s success, so we can grow together. Guided by our values, we provide an attractive total reward package that recognises the contribution of each of our members to our shared success. As well as competitive, fair and equitable pay, we offer a career in which all of our members can belong, grow and thrive – through benefits that support health and wellbeing, a wide range of learning opportunities and many possibilities to have an impact through the work they do. We are owned in trust on behalf of our members, giving us the freedom, with personal responsibility, to set our own direction and choose work that aligns with our purpose and adds to Arup’s legacy. Our members collaborate on ambitious projects to deliver remarkable outcomes for our clients and communities. Profit Share is a key part of our reward, enabling permanent members to share in the results of our collective efforts. We take an approach to flexible working that supports the diversity and wellbeing of our graduates. Different people, shared values Arup is an equal opportunity employer that actively promotes and nurtures a diverse and inclusive workforce. We welcome applications from individuals of all backgrounds, regardless of age (within legal limits), gender identity or expression, marital status, disability, neurotype or mental health, race or ethnicity, faith or belief, sexual orientation, socioeconomic background, and whether you’re pregnant or on family leave. We are an open environment that embraces diverse experiences, perspectives, and ideas - this drives our excellence. Guided by our values and alignment with the UN Sustainable Development Goals, we create and contribute to equitable spaces and systems, while cultivating a sense of belonging for all. Our internal employee networks support our inclusive culture: from race, ethnicity and cross-cultural working to gender equity and LGBTQ+ and disability inclusion – we aim to create a space for you to express yourself and make a positive difference. Discover more about life at Arup at www.arup.com/careers/your-life-at-arup. We are an open environment that embraces diverse experiences, perspectives, and ideas. We are committed to providing an inclusive recruitment process. Candidates may inform us of any disability, learning difference, or other circumstance that may require reasonable adjustments for interviews or assessments. Any information provided will be used only to make appropriate arrangements and will not be considered in any other aspect of your application or selection process. #Ireland\_Grads",https://www.linkedin.com/jobs/view/4475880497,True
Graduate Data Scientist - Digital Services,Arup,"Dublin, D, IE",indeed,"Data and AI Consulting Europe Region  DUB0000XT Requisition # Graduate Data Scientist - Digital Services See it differently You see the world through a unique lens and that’s exactly what we need. We embrace how you see things differently – it’s essential for creating a sustainable future. Arup is a global consultancy with advisory and technical expertise across more than 150 disciplines. We guide, plan and design the future of the built environment. Globally, each year we recruit hundreds of graduates and students who help us see things differently and solve the most complex challenges facing our clients, climate and communities. The Opportunity We're looking for a Graduate Data Scientist to join our Data Insights team. You will have the chance to work across a unique & wide-ranging portfolio of data projects. The role is focused on delivering data-driven solutions to both internal and external clients. As a Graduate Data Scientist, you will: * Support the development and delivery of data science, analytics and AI solutions that help clients solve complex challenges across the transport, energy, water and built environment sectors. * Apply statistical, analytical and programming techniques to collect, prepare, analyse and visualise data, identifying insights that support better decision-making. * Work with multidisciplinary teams to understand stakeholder needs, translate business challenges into data-driven solutions, and contribute to the development of practical tools, dashboards and applications. * Explore and apply emerging AI, machine learning and data technologies, helping Arup and its clients adopt innovative approaches that improve efficiency, enhance insights and deliver better outcomes. * Contribute to a collaborative learning environment by sharing knowledge, adopting best practices, and continuously developing technical and professional skills through training, mentoring and project experience. https://www.arup.com/services/digital/ Is this role right for you? For this opportunity, we are seeking the following qualifications, skills and attributes: An undergraduate or bachelor's degree (or equivalent) in the following disciplines: Data Science; Data Engineering; Mathematics; Statistics; Computer Science; Engineering Technical Skills: Experience and knowledge in some of the following areas: * Machine Learning; Statistics; Data Science and Analytics; Data Visualization * Python Programming; Database Systems and SQL; Data Engineering * Cloud Computing; Artificial Intelligence; Software Engineering; Data Modelling * Data Cleaning and Transformation; Power BI; Git; Tableau; Microsoft Azure * Databricks; AWS; Geospatial Data Analysis To be considered for a graduate opportunity, your application must include a copy of your academic transcript and meet the following criteria: * Full working rights in the country of application * No more than 12 months of full-time experience in a comparable role * Recently graduated, or on track to graduate, from your most recent degree, related to your role of choice, before employment starts. * Alongside your degree, we look for the following core attributes; * Changemakers: A passion for sustainable development and creating a better world is key. * Innovative minds: We’re looking for critical thinkers who embrace new ideas and challenge the status quo. * Growth seekers: You have a growth mindset, always eager to learn and explore new ways of working. * Adaptable adventurers: You’re ready to take on any challenge that comes your way. **Closing Date:** 12 November 2026 Please note, in the event of high applicant volume, this role may be closed ahead of the advertised closing date. We encourage you to apply early. **Eligibility** Please note that we are unable to offer visa sponsorship for this role. Therefore, you must ensure that you are eligible to work permanently in Ireland without our sponsorship. What we offer you At Arup, we care about each member’s success, so we can grow together. Guided by our values, we provide an attractive total reward package that recognises the contribution of each of our members to our shared success. As well as competitive, fair and equitable pay, we offer a career in which all of our members can belong, grow and thrive – through benefits that support health and wellbeing, a wide range of learning opportunities and many possibilities to have an impact through the work they do. We are owned in trust on behalf of our members, giving us the freedom, with personal responsibility, to set our own direction and choose work that aligns with our purpose and adds to Arup’s legacy. Our members collaborate on ambitious projects to deliver remarkable outcomes for our clients and communities. Profit Share is a key part of our reward, enabling permanent members to share in the results of our collective efforts. We take an approach to flexible working that supports the diversity and wellbeing of our graduates. Different people, shared values Arup is an equal opportunity employer that actively promotes and nurtures a diverse and inclusive workforce. We welcome applications from individuals of all backgrounds, regardless of age (within legal limits), gender identity or expression, marital status, disability, neurotype or mental health, race or ethnicity, faith or belief, sexual orientation, socioeconomic background, and whether you’re pregnant or on family leave. We are an open environment that embraces diverse experiences, perspectives, and ideas - this drives our excellence. Guided by our values and alignment with the UN Sustainable Development Goals, we create and contribute to equitable spaces and systems, while cultivating a sense of belonging for all. Our internal employee networks support our inclusive culture: from race, ethnicity and cross-cultural working to gender equity and LGBTQ+ and disability inclusion – we aim to create a space for you to express yourself and make a positive difference. Discover more about life at Arup at www.arup.com/careers/your-life-at-arup. We are an open environment that embraces diverse experiences, perspectives, and ideas. We are committed to providing an inclusive recruitment process. Candidates may inform us of any disability, learning difference, or other circumstance that may require reasonable adjustments for interviews or assessments. Any information provided will be used only to make appropriate arrangements and will not be considered in any other aspect of your application or selection process. #Ireland\_Grads",https://ie.indeed.com/viewjob?jk=7efe460838a732cf,True
Graduate Field Service Engineer -Biomedical / GMP Focus,Ascension Executive Recruitment,"Dublin, County Dublin, Ireland",linkedin,"**Role Overview** This is an excellent opportunity for a Biomedical Science (or related life sciences) graduate to begin a career as a Field Service Engineer, supporting a range of high-end laboratory instrumentation used in regulated environments. The role combines hands-on technical work with customer interaction and ongoing specialist training, making it ideal for candidates with a strong laboratory background and exposure to Good Manufacturing Practice (GMP). You will be responsible for delivering service activities including installation, maintenance, repair, and technical support to customers across the pharmaceutical, biotechnology, academic, and government sectors. **Key Responsibilities** * Perform installation, routine maintenance, and repair of laboratory instrumentation * Support qualification activities (IQ/OQ) in line with GMP requirements and ensure accurate documentation * Provide on-site and remote technical support (phone/email) to customers * Troubleshoot instrument and application issues in regulated laboratory environments * Work independently in the field while collaborating with the wider Service Team * Manage and coordinate your own schedule in line with customer and team requirements * Maintain accurate service and compliance records using internal systems * Ensure all work is carried out in accordance with GMP and relevant regulatory standards * Complete monthly expense reports and service documentation * Participate in product and compliance training (in-house and manufacturer-led, including potential international travel) **Equipment You’ll Work With** * Capillary electrophoresis systems * Robotic liquid handling systems * Flow cytometers * Centrifugation equipment * Particle and cell characterisation systems **Candidate Profile** **Essential:** * Degree in Biomedical Science, Biochemistry, Biotechnology, or related life sciences discipline * Understanding of Good Manufacturing Practice (GMP) and working in regulated environments * Strong problem-solving and analytical skills * Excellent organisational skills with the ability to manage multiple priorities * Good interpersonal and communication skills * Self-motivated with the ability to work independently * Strong IT/PC skills * Full driving licence and access to own car **Desirable:** * Hands-on experience in a GMP or regulated laboratory (e.g., internships, placements, or industry experience) * Familiarity with analytical or laboratory instrumentation * Experience with qualification/validation documentation (IQ/OQ/PQ) **Training & Development** * Structured onboarding and technical training programme * Ongoing mentoring from experienced engineers and application specialists * Manufacturer-led training (including opportunities to travel internationally) * Development of both technical engineering skills and regulatory/GMP expertise **Package & Benefits** * Competitive salary with bonus scheme * Private healthcare * Contributory pension scheme * 25 days annual leave * Company laptop, mobile phone, tools, and test equipment provided * Monthly car allowance and expenses **Why This Role?** This position offers a strong foundation for a career in field service within the life sciences sector, combining your laboratory and GMP knowledge with technical engineering skills. You’ll gain exposure to cutting-edge instrumentation while working closely with leading pharmaceutical and research organisations.",https://www.linkedin.com/jobs/view/4474946026,True
Graduate Geo-Environmental Consultant (Dublin),RSK Ireland Ltd.,"Dublin, County Dublin, Ireland",linkedin,"**The Vacancy** **RSK Ireland** part of **RSK Group** offers a wide range environmental consultancy services advice to provide strategic management of both brownfield and greenfield sites. With offices in Belfast, Cork and Dublin, the company offers customers an integrated service across the island of Ireland. RSK Ireland Geo - Environmental Team are now hiring for a **Graduate Geo-Environmental Consultant** to join the team in **Dublin** . This is an excellent opportunity to work alongside a highly experienced team and a chance to get involved with a vast array of projects ranging from large scale brownfield site development, landfill investigations, contaminated site investigations, renewable energy projects and hydrogeology specific projects. **Key Responsibilities:** * Undertaking Preliminary Risk Assessments / Preliminary site Assessments (Phase 1 Desk Studies) and intrusive site investigations for environmental purposes * Soil and rock logging to current standards * Groundwater and surface water sampling * Managing fieldwork activities and subcontractors * Supporting and co-ordinating a variety of projects * Preparing health and safety documentation, booking subcontractors and scheduling soil and water samples for analytical and geotechnical testing **Person Specification:** * BSc degree level qualified in Geology or a related Environmental subject * MSc in Engineering Geology/Engineering or Contaminated Land related subjects preferable but not essential * Previous site experience would be an advantage. * Interest in site investigations techniques, basic contaminated land assessment. * Understanding of laboratory testing and interpreting results with working knowledge of geotechnical and environmental guidance. * Excellent verbal and written communication skills * Prepared to work as part of a team or as an individual * Candidates must be willing to spend a significant amount of their working day out on site and away from home. * Full driving licence and access to a car. **Salary & Benefits:** * Competitive salary * Continual professional development. Both internally and sponsored by RSK where required / relevant. * A flexible benefits programme including the option to buy additional holidays #GraduateGeoenvironmental #Geology #Geoscience **RSK Group is an equal opportunities employer.** **The Company** RSK is a global leader in sustainable solutions focusing on environmental, engineering, and technical services. Working together, we address societal challenges aligned with the United Nations Sustainable Development Goals, offering integrated solutions across sectors such as water, energy, food, infrastructure, cities, mining, and waste management. We are committed to fostering an inclusive workplace that welcomes individuals from all backgrounds, experiences, and perspectives. We firmly believe that embracing and celebrating the diversity in our workforce makes us a stronger and more innovative company. By providing workplace adjustments, we make it easier for people to confidently explore and pursue our career opportunities and recognise that flexibility is key to fostering a dynamic and thriving workplace. Many of our office-based positions benefit from a flexible working arrangement, allowing our team members to achieve a balance between professional and personal commitments. We actively encourage applications from candidates of all genders, races, ethnicities, ages, neurotypes, religions or beliefs, sexual orientations, and those with disabilities. Since the beginning, our philosophy has remained the same: employ, develop and reward talented individuals. People are crucial to our company, and we recognise that our success hinges on our colleagues' growth. We're committed to preserving RSK's people-first culture, promoting innovation, and fostering a supportive and caring environment for collaboration. At RSK, we want you to be part of our successes and help you reach your career aspirations. We take pride in offering employees fulfilling and challenging careers by promoting ongoing growth and empowering individuals to excel. If you're passionate about making a difference, join us as we work together to build a brighter, more equitable, and sustainable future for all. Do you have what it takes?",https://www.linkedin.com/jobs/view/4474297900,True
Graduate Mechanical Engineer - Energy Infrastructure,Arup,"Dublin, D, IE",indeed,"Civil Engineering Europe Region  DUB0000XY Requisition # Graduate Mechanical Engineer - Energy Infrastructure See it differently You see the world through a unique lens and that’s exactly what we need. We embrace how you see things differently – it’s essential for creating a sustainable future. Arup is a global consultancy with advisory and technical expertise across more than 150 disciplines. We guide, plan and design the future of the built environment. Globally, each year we recruit hundreds of graduates and students who help us see things differently and solve the most complex challenges facing our clients, climate and communities. The Opportunity At Arup, you'll join a collaborative team working on critical energy infrastructure projects across gas transmission and distribution networks. As a Graduate Mechanical Engineer, you'll contribute to the design and delivery of complex engineering solutions while developing your technical expertise through real project experience and mentorship from industry-leading specialists. **What you'll do** * Support the design and delivery of energy infrastructure projects, including pipelines, pressure reduction stations and associated facilities * Assist in the preparation of engineering calculations, layouts, drawings and technical reports * Collaborate with multidisciplinary teams to develop coordinated engineering solutions * Gain experience across concept, feasibility and detailed design stages * Develop your understanding of industry standards, engineering best practice and safety requirements **What you'll bring** * A passion for Technical Excellence * Strong written and verbal Communication skills * A collaborative approach and commitment to Purposeful Collaboration * Curiosity, enthusiasm and a desire to shape the future of energy infrastructure https://www.arup.com/markets/energy/ Is this role right for you? For this opportunity, we are seeking the following qualifications, skills and attributes: * An undergraduate or bachelor's degree (or equivalent) * Mechanical Engineering * Process Engineering * Materials Engineering / Materials Science You will ideally have knowledge or exposure to: * Mechanical design principles and engineering calculations * CAD software, including AutoCAD * Engineering drawings, technical documentation and reports * Pipeline, pressure vessel and mechanical systems design * Fluid mechanics and thermodynamics * Process engineering, PFDs and P&IDs * Gas transmission and distribution systems * Energy infrastructure and sustainable energy systems * Materials selection, corrosion engineering and materials performance * Health, Safety and Environment (HSE) principles, risk assessment and quality assurance To be considered for a graduate opportunity, your application must include a copy of your academic transcript and meet the following criteria: * Full working rights in the country of application * No more than 12 months of full-time experience in a comparable role * Recently graduated, or on track to graduate, from your most recent degree, related to your role of choice, before employment starts. Alongside your degree, we look for the following core attributes; * Changemakers: A passion for sustainable development and creating a better world is key. * Innovative minds: We’re looking for critical thinkers who embrace new ideas and challenge the status quo. * Growth seekers: You have a growth mindset, always eager to learn and explore new ways of working. * Adaptable adventurers: You’re ready to take on any challenge that comes your way. **Closing Date:** **12 November 2026** Please note, in the event of high applicant volume, this role may be closed ahead of the advertised closing date. Early application is recommended. **Eligibility** Please note that we are unable to offer visa sponsorship for this role. Therefore, you must ensure that you are eligible to work permanently in Ireland without our sponsorship. What we offer you At Arup, we care about each member’s success, so we can grow together. Guided by our values, we provide an attractive total reward package that recognises the contribution of each of our members to our shared success. As well as competitive, fair and equitable pay, we offer a career in which all of our members can belong, grow and thrive – through benefits that support health and wellbeing, a wide range of learning opportunities and many possibilities to have an impact through the work they do. We are owned in trust on behalf of our members, giving us the freedom, with personal responsibility, to set our own direction and choose work that aligns with our purpose and adds to Arup’s legacy. Our members collaborate on ambitious projects to deliver remarkable outcomes for our clients and communities. Profit Share is a key part of our reward, enabling permanent members to share in the results of our collective efforts. We take an approach to flexible working that supports the diversity and wellbeing of our graduates. Different people, shared values Arup is an equal opportunity employer that actively promotes and nurtures a diverse and inclusive workforce. We welcome applications from individuals of all backgrounds, regardless of age (within legal limits), gender identity or expression, marital status, disability, neurotype or mental health, race or ethnicity, faith or belief, sexual orientation, socioeconomic background, and whether you’re pregnant or on family leave. We are an open environment that embraces diverse experiences, perspectives, and ideas - this drives our excellence. Guided by our values and alignment with the UN Sustainable Development Goals, we create and contribute to equitable spaces and systems, while cultivating a sense of belonging for all. Our internal employee networks support our inclusive culture: from race, ethnicity and cross-cultural working to gender equity and LGBTQ+ and disability inclusion – we aim to create a space for you to express yourself and make a positive difference. Discover more about life at Arup at www.arup.com/careers/your-life-at-arup. We are an open environment that embraces diverse experiences, perspectives, and ideas. We are committed to providing an inclusive recruitment process. Candidates may inform us of any disability, learning difference, or other circumstance that may require reasonable adjustments for interviews or assessments. Any information provided will be used only to make appropriate arrangements and will not be considered in any other aspect of your application or selection process. #Ireland\_Grads",https://ie.indeed.com/viewjob?jk=05a13593ebc24aa5,True
Graduate Trainee,Ornua,"Dublin, County Dublin, Ireland",linkedin,"Ornua is a leading dairy co-operative which sells premium dairy products globally on behalf of its Member Co-operatives, Ireland’s dairy processors and, in turn, Irish dairy farmers. Ornua has revenues of €3.4 billion and is supported by a global team of approximately 2,800 employees. The Group operates as a commercial organisation across 10 business units, including 12 production facilities located in Europe, North America, the Middle East and Africa. The commercial organisation is responsible for the marketing and sales of Ornua’s consumer brands including Ireland’s most successful food export: Kerrygold. Consumer markets are served by production facilities in Ireland, Germany and the UK and by in-market Sales & Marketing Teams in Asia, Germany, Ireland, MEA, Poland, Spain, rest of Europe and North and Latin America. It also manages the procurement of Irish and non-Irish dairy products, the sale of dairy ingredients to food manufacturing and foodservice customers globally, and the implementation of de-risking and trading strategies to manage market volatility. These activities are supported by production facilities and in-market teams in Europe, North America, the Middle East and Africa. **Why these roles are valuable?** This Graduate Programme is a key component of our organisation, enabling us to invest in the growth and development of the next generation of leaders. Graduates will gain exposure to many areas of our business, with primary opportunities in; * Supply Chain * Corporate Procurement * Technology * Human Resources * Internal Audit * Sales These roles will be based in Dublin. The 24 month Ornua Graduate Programme consists of: * A comprehensive induction programme * Structured rotations (2 X 12 Months) * Classroom based and self-directed learning modules, covering areas such as self-awareness, teamwork, presentation skills, communication and leadership * Mentoring from our experienced leaders * An excellent support network of current and former Graduate Trainees **Key Requirements:** * We welcome graduates from all backgrounds and disciplines who are on track to achieve a 2:2 or higher in their degree. * Applicants should have completed their degree no earlier than 2025. * Applicants should be flexible and willing to relocate as a part of their role. **Key Benefits** * Competitive Salary * Annual bonus * Defined Contribution Pension * Annual Leave 22 days * 2 weeks Work From Anywhere * Hybrid working (3 days a week in office) * Flexible working * Sports and social clubs * Professional growth and development opportunities to advance your career including Global Mobility opportunities. **Closing date for applications: Friday 23rd October 2026** *Accessibility at Ornua* *Ornua is committed to creating an inclusive and accessible workplace. We will make every effort to provide for any reasonable accessibility needs you may have during your employment with us. If you require accommodations at any stage of the recruitment process or in your role, please let us know — we’re here to support you.*",https://www.linkedin.com/jobs/view/4465773562,True
"Graduate Veterinary Nurse, Full Time, Temporary Contract",The Village Vets,"Dublin, D, IE",indeed,"**Location: Village Vets Castleknock** **Reports to:** Head Nurse / Lead Vet **Schedule: 4 Day Week, 1 in 3 Saturdays , 1 in 13 Sundays in village Vets Ashbourne** **Salary:** €31,000 **About the Role** You will be supported by experienced nurses, vets, and a dedicated Head Nurse, with structured guidance, mentoring, and opportunities for ongoing learning. You will play an important role in patient care and client experience while developing your clinical and professional skills in line with Village Vets’ standards and the Veterinary Council of Ireland (VCI). * Support vets with procedures including anaesthesia, diagnostics, and surgery under supervision. * Administer treatments and provide high‑quality nursing care to patients and inpatients. * Maintain excellent hygiene standards and accurate clinical records, including medication handling. * Assist with front‑of‑house duties and stock control as needed. * Develop clinical skills through training, mentorship, and hands‑on experience. * Promote Pet Health Plans and Pet Insurance to clients. * Complete ad hoc nursing or administrative duties and contribute to an outstanding client experience through teamwork and professionalism. **About You** * Qualified or soon‑to‑qualify RVN with eligibility for VCI registration. * Keen to work in a progressive, supportive small animal practice; previous placement experience is an advantage. * Good communication skills with a professional, caring approach to patients and clients. * Willing to learn and develop clinical skills, with growing confidence in basic nursing care. * Able to work well in a fast‑paced environment with good organisation and time management. * A reliable team player who is enthusiastic, motivated, and happy to ask for support when needed. **What’s in it For You… At a Glance** In addition to our fabulous teams and supportive environments, we’re proud to offer a benefits package that supports our team’s wellbeing, growth, and families: * Health cash plan * Pension scheme * Gym membership subsidy * Free pet health plan * Paid charity day * Additional leave with service * VCI Registration and VDS Indemnity fees paid * Funded CPD including, allowances, webinar series, new graduate programme, training platform access, and certificate funding * Statutory sick pay * Bike to work scheme * Enhanced maternity, paternity and adoptive benefits *You must be legally eligible to work in Ireland*",https://ie.indeed.com/viewjob?jk=f5eadc9fb5141897,True
Healthcare Assistant,InisCare,"Dún Laoghaire-Rathdown, Ireland",linkedin,"**Job Title: Health Care Assistant** Reports To: Health Care Supervisor / Branch Manager Location: **Foxrock & Surrounding areas** Job Type: Full-Time and Part-Time Available InisCare was established with the core principle that contented caregivers lead to satisfied customers. We maintain the belief that exceptional, dependable, and personable home care services are delivered by individuals who receive support from a skilled and empathetic leadership team. Our goal is to support our team of caregivers in delivering compassionate and professional care that enables individuals to maintain active and fulfilling lifestyles. **Job Summary:** The role of a Health Care Assistant is to support the Customer to live happily and safely at home. This may involve assisting them with personal care, such as showering or bathing, assisting with dressing, assisting with incontinence care, assisting with meal preparation and light housekeeping. **Benefits:** * Competitive hourly rate from €14.50 up to €20.00 (depending on experience and qualifications) * Mileage * Refer-a-Friend Program – €150.00 per referral * bike-to-work scheme * Mentor program * Sponsored QQI Level 5 (Care Skills and Care for the Elderly Person Modules) * Career Progression Plan and guidance * Welcoming Bonus €200.00 **Qualifications:** * QQI Level 5 Health care Award or equivalent **Experience:** * One year of paid experience or prior experience is not required if you have your QQI Level 5 Responsibilities: * Practice and maintain the most recent protocol in relation to safety procedures, such as Person Moving and Handling * Report any concerns in relation to the Customer, or colleagues if they are not working within safe boundaries to your manager * Report any safeguarding incidents or what you may think is safeguarding to your manager * Document accurately and factually in the daily logs, all tasks completed with the Customer for each shift * Always maintain confidentiality * Attend any training scheduled for you by InisCare & Work within safe and professional boundaries * Ensure each task performed with the Customer (medication prompt, personal care, meal preparation, etc) is completed with dignity and respect for the Customer. * Encourage autonomy and decision making * Talk with the Customer throughout the shift, regardless of their verbal and cognitive ability, ensuring that all conversations are within a professional context * Attend shifts as scheduled and contact the office in a timely manner if you are unable to attend a shift or are late. Do not phone the customer directly. Additional Training Requirements * Children’s First – HSE LAND * Safeguarding – HSE LAND * Dementia Training – HSE LAND * GDPR Training – HSE LAND * AMRIC Basics of Infection Prevention and Control - HSE LAND * AMRIC Hand Hygiene – HSE LAND * Putting on and taking off PPE in Community Healthcare- HSE LAND Skills: * Basic patient care: bathing, dressing, feeding * Assisting with mobility and exercise * Effective verbal and written communication & Active listening * Following instructions and protocols * Providing companionship and emotional support * Familiarity with healthcare equipment and devices * Time management and task prioritization Competencies: * Empathy and compassion * Understanding and responding to emotional needs * Effective teamwork within a healthcare team * Supporting colleagues and positive team environment * Adaptability to changing needs and environments * Willingness to learn new skills and procedures * Attention to detail in observing and reporting * Physical stamina for demanding tasks * Reliability, punctuality and Professional appearance and demeanour * Ethical standards and confidentiality adherence * Problem-solving and critical thinking *Equal Opportunity Employer Statement:* *We are an Equal Opportunity Employer. Our company is committed to creating a diverse and inclusive environment where all employees feel valued and respected. We do not discriminate on the basis of gender, age, race, religion, disability, sexual orientation, marital status, family status, or membership of the Traveller community. We welcome applications from all qualified candidates and are dedicated to promoting equality and preventing discrimination in our workplace.* *In line with the Employment Equality Acts 1998-2015, we ensure that our recruitment, selection, training, and promotion processes are based solely on the abilities and merits of the candidates and employees. We strive to provide a work environment free from harassment and discrimination, and we support equal opportunities in all aspects of employment.*",https://www.linkedin.com/jobs/view/4474070562,True
Healthcare Assistant,InisCare,"Dublin 14, County Dublin, Ireland",linkedin,"**Job Title: Health Care Assistant** Reports To: Health Care Supervisor / Branch Manager Location: **Dundrum & Surrounding areas** Job Type: Full-Time and Part-Time Available InisCare was established with the core principle that contented caregivers lead to satisfied customers. We maintain the belief that exceptional, dependable, and personable home care services are delivered by individuals who receive support from a skilled and empathetic leadership team. Our goal is to support our team of caregivers in delivering compassionate and professional care that enables individuals to maintain active and fulfilling lifestyles. **Job Summary:** The role of a Health Care Assistant is to support the Customer to live happily and safely at home. This may involve assisting them with personal care, such as showering or bathing, assisting with dressing, assisting with incontinence care, assisting with meal preparation and light housekeeping. **Benefits:** * Competitive hourly rate from €14.50 up to €20.00 (depending on experience and qualifications) * Mileage * Refer-a-Friend Program – €150.00 per referral * bike-to-work scheme * Mentor program * Sponsored QQI Level 5 (Care Skills and Care for the Elderly Person Modules) * Career Progression Plan and guidance * Welcoming Bonus €200.00 **Qualifications:** * QQI Level 5 Health care Award or equivalent **Experience:** * One year of paid experience or prior experience is not required if you have your QQI Level 5 Responsibilities: * Practice and maintain the most recent protocol in relation to safety procedures, such as Person Moving and Handling * Report any concerns in relation to the Customer, or colleagues if they are not working within safe boundaries to your manager * Report any safeguarding incidents or what you may think is safeguarding to your manager * Document accurately and factually in the daily logs, all tasks completed with the Customer for each shift * Always maintain confidentiality * Attend any training scheduled for you by InisCare & Work within safe and professional boundaries * Ensure each task performed with the Customer (medication prompt, personal care, meal preparation, etc) is completed with dignity and respect for the Customer. * Encourage autonomy and decision making * Talk with the Customer throughout the shift, regardless of their verbal and cognitive ability, ensuring that all conversations are within a professional context * Attend shifts as scheduled and contact the office in a timely manner if you are unable to attend a shift or are late. Do not phone the customer directly. Additional Training Requirements * Children’s First – HSE LAND * Safeguarding – HSE LAND * Dementia Training – HSE LAND * GDPR Training – HSE LAND * AMRIC Basics of Infection Prevention and Control - HSE LAND * AMRIC Hand Hygiene – HSE LAND * Putting on and taking off PPE in Community Healthcare- HSE LAND Skills: * Basic patient care: bathing, dressing, feeding * Assisting with mobility and exercise * Effective verbal and written communication & Active listening * Following instructions and protocols * Providing companionship and emotional support * Familiarity with healthcare equipment and devices * Time management and task prioritization Competencies: * Empathy and compassion * Understanding and responding to emotional needs * Effective teamwork within a healthcare team * Supporting colleagues and positive team environment * Adaptability to changing needs and environments * Willingness to learn new skills and procedures * Attention to detail in observing and reporting * Physical stamina for demanding tasks * Reliability, punctuality and Professional appearance and demeanour * Ethical standards and confidentiality adherence * Problem-solving and critical thinking *Equal Opportunity Employer Statement:* *We are an Equal Opportunity Employer. Our company is committed to creating a diverse and inclusive environment where all employees feel valued and respected. We do not discriminate on the basis of gender, age, race, religion, disability, sexual orientation, marital status, family status, or membership of the Traveller community. We welcome applications from all qualified candidates and are dedicated to promoting equality and preventing discrimination in our workplace.* *In line with the Employment Equality Acts 1998-2015, we ensure that our recruitment, selection, training, and promotion processes are based solely on the abilities and merits of the candidates and employees. We strive to provide a work environment free from harassment and discrimination, and we support equal opportunities in all aspects of employment.*",https://www.linkedin.com/jobs/view/4474065789,True
Healthcare Assistant (HCA),Virtue Integrated Care,"Cradockstown East, County Kildare, Ireland",linkedin,,https://www.linkedin.com/jobs/view/4474626171,True
Healthcare Assistant - Kildare,Be Independent Home Care Ltd,"Kildare, County Kildare, Ireland",linkedin,,https://www.linkedin.com/jobs/view/4474960344,True
Healthcare Assistants - Offaly,Be Independent Home Care Ltd,"Newtown, County Kildare, Ireland",linkedin,,https://www.linkedin.com/jobs/view/4474966105,True
Host Service & Reception (m/f/d),Ruby Group,"Dublin, County Dublin, Ireland",linkedin,"**At Ruby, your personality really matters, your time really matters, and we strongly believe we groove way better** **together. At Ruby, we keep breaking new ground.** Hey Sunshine, You think travelling is more than just the next summer holiday, but the **feeling of being at home anywhere in the world** ? That your workplace should be a place with **personality and soul** , where new ideas come to life? Then you are the missing olive in our Martini, the missing melody in our music, and the **heartbeat of our Ruby Molly** . We are a fast-growing hospitality group with existing hotels and workspaces in some of **Europe's most exciting locations** and many more projects under construction. We **break new ground** with our **Lean Luxury philosophy** , creating a contemporary and affordable form of luxury. **Join us and make it your own story** **Trust Us, You Won't Get Bored, As You** * are not only an all-rounder and multitasking talent, but also the first point of contact for our guests to make them feel at home from the very first moment to the last drink * support our guests with the self-check-in process and take on additional front desk responsibilities * prepare cocktails, drinks, and delicious snacks with a few skillful moves, ensuring smooth and seamless service * lovingly take care of our breakfast buffet in the morning and wow our guests with your barista skills * roll up your sleeves when it comes to goods receiving, inspection, and storage, always keeping an eye on the perfect mise-en-place according to our setups and standards * share your insider tips with our guests, pointing them to the best hotspots in the city **We've Been Waiting For You, Since You Have/are** * ideally gained some experience in the hotel industry, don’t worry if you don’t know what ""mise-en-place"" means yet 😉 * flexible and ready to work in shifts * counting reliability, multitasking and your willingness to learn among your strengths * empathetic with others and love sharing your enthusiasm with those around you * a great sense of humour, enjoy working in a team, and love interacting with our guests * speaking English fluently **What's in for you? That's how we groove:** **Ruby, Ruby, Ruby** * your style, your smile, your ideas – bring your personality to work. Maybe even with a new tattoo, piercing or hair colour on us? * better together – at work, during team events or just because it’s Monday 😉 **'Cause I'm having a good time** * less work, same money – for us, full-time means 35 hours and every hour counts * no more excuses – we support your sports program * LEGEN...wait for it...DARY staff rates - for you and your travel buddy **Money, Money, Money** * sip, snack, repeat - with your Ruby F&B-Credit * no matter how you get to work – a mobility allowance comes on top * take it to the next level – secure yourself some extra cash through talent scouting and positive reviews **Ain't no mountain high enough** * level up your game – with trainings, coaching, and mentoring, you get the chance to grow, just like Ruby does * innovation is part of our DNA – Lean Luxury, paperless, cashless, … you name it **Where have you been so long?** Whether you’re a **social butterfly** with a flair for cocktail-shaking, a creative soul with an eye for design, or a pro at planning and **behind-the-scenes magic** - there’s a place for you at Ruby. We’re always looking for **friendly faces and passionate team players** . Not perfect CVs, but **great personalities** , who’ll help us create hotels and workspaces with **character and soul** . So, whatever makes you tick, join us and start your Ruby story. **Diversity, Equity & Inclusion** We believe that... * you can love whoever you want to * you should decide for yourself whether and with which pronouns you would like to be addressed * you can be proud of your heritage and culture * you don't have to justify your religion or world view * you are good, just as you are and make our team and Ruby's diversity unique We can't deal with: isms Racism, sexism, heterosexism, antisemitism, and such kind of isms are not tolerated here. If You Want To Know What To Expect, Listen To Carolina's Story From Our Ruby Zoe In London. You Can Find Even More Ruby Stories Here www.ruby-hotels.com/stories Get to know our People & Culture Team Any questions about our pitch? Then contact us at jobs@ruby-hotels.com or +49 89 125 095 220. Your Ruby Recruitment Team",https://www.linkedin.com/jobs/view/4471380857,True
Housekeeping Assistant - Rathborne Nursing Home,Trinity Care (IRL),"Dublin, County Dublin, Ireland",linkedin,"**An Exciting opportunity for the right candidate.** We are looking for a Housekeeping Assistant/Cleaner to work in our Rathborne Nursing Home, Ashtown, as part of Trinity Care Group a well-respected, multi-award-winning Nursing Home Group, part of the international DomusVi Group. The ideal candidate would be able to work full time with Monday to Sunday availability. **Key Responsibilities:** To ensure the highest standard of cleanliness in all areas at all times. Responsible for carrying out of your duties in the laundry including bed linens etc., and personal items for clients. **Duties** : * To be responsible for the thorough servicing of your allocated area to the defined standard. * To offer excellent service to all clients/visitors and ensure that all queries, complaints and compliments are relayed back to your supervisor. * To maintain the appearance of your trolley, press and working area at all times, restocking your trolley before going off duty, and ensuring presses are secure. * To have an understanding of usage, safety and hazards of all chemicals and cleaning products. * Record keeping. * Ensure that you maintain the cleanliness and good order of your area of assignment and associated areas to the highest possible standard. * Ensure efficient and economical use of materials and equipment. * To adhere to specifications, standards and procedures while at work. * To report mechanical defects and needs for repairs. * To take all necessary steps to ensure the maximum security of your area of assignment and all equipment and supplies contained therein. * To carry our any reasonable requests by management **Skills:** Cleaning, chemicals, Domestic Cleaning",https://www.linkedin.com/jobs/view/4474943997,True
Human Resources Administrator,ACCPRO,"Dublin, County Dublin, Ireland",linkedin,"**Location:** D8 **Compensation:** €30-35k basic plus 5% pension, 20 days AL + 3 company days **Hybrid:** 1 day WFH after probation **Job type:** Full-time, permanent Our client is a growing Irish SME who is looking to welcome a **HR Administrator** to join their team. You will report to the HR Manager, working as part of a team of 4 across the 360 lifecycle. The ideal candidate will ideally be a graduate or coming with c. 6-12 months' experience in a corporate environment. This role offers excellent exposure to a variety of duties within a growing People function as the successful candidate continues in their career trajectory. **Key Responsibilities:** - Provide general HR administrative support (interview scheduling, issuing contract, HR inbox, - Maintenance and organisation of employee records and HR files - Support the payroll processes, approval and amendment of leave, expenses and timesheets - Assist with the onboarding process and offboarding processes - Assist with the co-ordination of periodic performance reviews and cultural initiatives **Key Skills:** - Degree/Diploma Qualification in HR Management and/or Business discipline (CIPD preferable) - Excellent communicator who can liaise with stakeholders at all levels of a small business - Strong organisational skills, ability to multi task and problem solve - Good IT skills, particularly Excel",https://www.linkedin.com/jobs/view/4476319548,True
IT Helpdesk Support Administrator,WILLIAM FRY LLP,"Dublin, County Dublin, Ireland",linkedin,"**Job Title: IT Helpdesk Support Administrator** **Department: IT** **Reporting to: IT Director** **The Role** * Provide 1st and 2nd level technical and system support to the business * Provide IT assistance to the Senior IT team * Log support tickets and monitor SLAs using the helpdesk management system * Liaise with other departments to carry out tasks such as desk and office moves, training, and offsite user support * Troubleshoot user issues and assist with queries * Set up PCs and laptops for new users * Provide audio-visual support in meeting room areas * Provide audio and video conferencing support * Provide general business application support, including document management, Citrix, and email * Fix hardware issues with PCs, laptops, and printers * Monitor the IT environment using tools that provide real-time reporting and dashboards * Handle queries relating to information security * Participate in IT projects with the senior IT Team **The Person** * Minimum six months’ proven experience on a helpdesk dealing directly with end-user queries * Tech-savvy, with good troubleshooting skills * Good communication skills, with clear spoken English * Strong ability to work well under pressure * Excellent time management and the ability to work efficiently * Strong team skills and a willingness to learn new technologies * A degree of flexibility regarding ad-hoc duties and working hours * Find ways to optimise and automate IT and general firm processes * Experience in the following areas an advantage, though not essential: laptop imaging, setup, and troubleshooting; Microsoft Windows 11 and Microsoft Office; Microsoft Active Directory, Exchange and Azure; Legal applications such as the iManage document management system, BigHand etc; Citrix; Networking fundamentals; Virtualisation; and Windows Server (2016, 2019, 2025) **About us** William Fry is a leading Irish corporate law ﬁrm with offices in Dublin, Cork, London, New York and San Francisco. We have over 350 legal and tax professionals and over 500 staff. Our experts are consistently ranked as top tier by all international legal directories. **Our promise** At William Fry we bring our clients a quality of thinking that goes beyond technical excellence – an instinct for seeing what others do not. We examine every angle to uncover opportunity hiding within complexity – with a depth of leading specialists who understand business as well as law. We are relentless in finding a way for our clients to succeed, helping them to see around corners, navigate challenges and seize opportunities. Our will to win is matched only by that of our clients. **Our purpose** Our people are driven by finding a way for our clients to succeed. This is the defining principle by which we work. Our clients are, and always will be, at the centre of everything we do. The relationships we build, the challenges we help solve, and the value we create for our clients is what drives us. **Our Commitment to Inclusion** William Fry is committed to creating a diverse and inclusive workplace where everyone can thrive. We welcome talent from all backgrounds and value the different perspectives, experiences and skills our people bring to our firm and our clients. Please let us know if you require specific arrangements during the recruitment process. We'll do everything we can to support you. All information disclosed will be kept confidential. **William Fry | Your perspective *needs ours***",https://www.linkedin.com/jobs/view/4476199699,True
Internal Technical Sales Specialist,Calibre Scientific Group,"Dublin, County Dublin, Ireland",linkedin,"At the Carl Stuart Group, we wouldn’t be the industry leader we are without our successful sales team. Over the last 35 years we have grown by providing innovative, resilient and reliable solutions and services to all our customers. We are seeking an internal technical sales specialist to help us promote and sell our instrumentation and consumable range of products used by analysts, scientists, engineers and technicians across a myriad of industries and applications. We have created an innovative, dynamic, trusting environment that allows each member of our team to affect their own growth and development and that of the business as a whole. Our mantra is simple ""we work to live we don't live to work, but in order to live well we have to work hard "". Primary function is to understand and support our many varied customers and their specific environmental monitoring requirements. This can only be achieved by having a genuine interest in the issue to be resolved, having the ability to resolve the issue whilst giving the customer your full attention. There will also be a significant proportion of proactive effort required to generate opportunities for sales **Job Purpose :** The primary function is to understand and support our many varied customers and their specific environmental monitoring requirements. This can only be achieved by having a genuine interest in the issue to be resolved, having the ability to resolve the issue whilst giving the customer your full attention. There will also be a significant proportion of proactive effort required to generate opportunities for sales. The inside sales person will be responsible for supporting existing customers as well as developing new business within our primary markets pharmaceutical, food & beverage, education, chemical, and other appropriate sectors. Contributes to team performance by accomplishing shared tasks to achieve results as expected **Specific Duties:** * Provide sales support to our field sales and engineering teams and existing customers. * Responding to customer enquiries received by phone/e-mail/online or any other channel. * Participate in direct marketing activities (principally direct mail & telesales) to agreed budgets, sales volumes, values, product mix and timescales. * Recording of all sales and customer engagement within the CRM system. Sales pipeline management. * Engages with new and existing customers and key accounts exploring specific needs and anticipating new opportunities. * This may involve accompanying field sales personnel to site meetings if appropriate. **Key Areas of Responsibility and Accountability :** * Territory is ALL of Ireland incl. Northern Ireland, UK & the Rest of The World * Participate in marketing campaign planning, execution and measurement. * Maintains an awareness of the competition by monitoring pricing, products, new products, delivery schedules, merchandising techniques or any other appropriate information. * Continuously developing professional and technical skills/knowledge by attending in house training, factory training, educational workshops; reviewing professional publications; establishing personal networks; participating in professional societies as appropriate. * Resolves customer complaints by investigating problems; developing solutions; preparing reports; making recommendations to eliminate root causes if possible. * Achieving sales and margin targets as set by the company. * Meeting KPI’s maintaining appropriate customer related sales information within ProspectSoft * This role will involve flexible working hours **Experience, Knowledge and Qualifications required for Job:** **Knowledge and Skills Required :** * Self-driven, results-oriented with a positive outlook, and a clear focus on high quality and business profit. * Sales experience while desirable is not essential. * Customer service Meeting sales goals * Prospecting skills - Closing skills * Negotiation * Self-confidence * Product knowledge * Client relationship development skills * Excellent communication skills. * It is vital that the employee be motivated, enthusiastic with considerable problem solving skills and an ability to work within the sales team to meet deadlines, targets & goals. **Qualifications :** A third level science or business degree is desirable but not essential. **Experience Desired:** 1 year working in sales or sales support role. Job Type: Full-time Work Location: Hybrid Job Type: Permanent Benefits: * Company pension * Employee assistance program * On-site parking * Work from home Work Location: Hybrid remote in Dublin, County Dublin",https://www.linkedin.com/jobs/view/4476169526,True
International Operations Representative II,Fidelity Investments,"Dublin, County Dublin, Ireland",linkedin,"**Job Description:** **Working Hours: 7:00am – 3.30pm** ****Job Descriptio** **n**** The successful candidate will work within an exciting, fast-paced and growing Operations & Corporate Shared Services environment. The International Settlements team is responsible for the clearance and settlement of securities. We provide securities execution, clearance, and risk management services to retail, institutional and correspondent clients. The role requires critical thinking, strong attention to detail, ability to work in a time sensitive environment, and the ability to ""think outside of the box."" The **Expertise** and **Skills** You Bring * Bachelor's degree or higher in business or related discipline. * 0+ years of experience, (Up to 2 years within financial services and/or a shared service model preferably). * Proficient in Microsoft Office, Excel, and Outlook (not required but preferable) * Excellent interpersonal skills with team members and clients, confident in communication. * Ability to work in a fast-paced processing & customer service environment. * Demonstrate a logical approach to problem solving, an ability to make independent decisions based on understanding of associated processes & risks. * Exceptional customer service skills * Strong, self-motivated individual able to work individually and as part of a team towards deadlines in a dynamic environment with competing demands. * Ability to work towards achieving individual/team quality and accuracy standards while meeting deadlines. * Ability to learn new processes in a timely manner and contribute to improving existing processes. The **Value** You Deliver * Use SWIFT, SHADOSUITE, Euroclear, and Citibank for Securities to process and settle trades in Global markets. * Review and monitor the clearance of all current and aged International Broker to Broker and DVP/RVP trades. * Identify and resolve Firm exposure relating to International Uncleared trades. * Process International TOA settlements. * Be analytical and possess good problem-solving skills. * Be motivated and show desire to learn about the business and innovative technologies. * Be reasonably flexible regarding working hours/shift. How Your Work **Impacts** the Organization The International Settlements Team is a part of Operations and Services Group (OSG), a division of Fidelity Wealth. The Ireland International Settlements team supports over 40 markets and 20 currencies globally, performing various functions and addressing any issues related to the clearance and the settlement of securities such as Settlement Processing, Client Service and TOA processing. **Category:** Brokerage Operations",https://www.linkedin.com/jobs/view/4476197495,True
Junior / Graduate Safety Officer,Capital Switchgear,"Rathcoole, D, IE",indeed,"**Role Summary** As part of our ongoing expansion, we are seeking a detail-oriented Junior / Graduate Safety Officer to join our team. Reporting to the Head of QHSE, ESG & Facilities, you will support the day-to-day management of health, safety and welfare across the company. This is an excellent opportunity for a recent graduate or someone at the early stages of their career to gain practical experience within a busy manufacturing environment. You will work closely with colleagues across the business, developing your knowledge and experience while helping to promote a positive and safety-conscious culture throughout the organisation. **Company Profile** Capital Switchgear is a leading Low Voltage switchgear manufacturer, based in Rathcoole, Co Dublin. With over 50 years of expertise in switchgear design, manufacture, and installation, Capital prides itself on its high-quality, reliable products and a professional personal service tailored to each project. We are committed to supporting, developing, and empowering our employees throughout their journey with us. **Roles and Responsibilities** *Health & Safety Duties:* * Provide day-to-day support with the practical implementation of the company's health & safety policies and procedures. * Develop and maintain an awareness of the hazards associated with electrical switchgear products. * Maintain compliance with statutory health, safety and welfare requirements and also with relevant ISO standards. * Assist with hazard identification, risk assessments and the review of safe working practices. * Participate in regular workplace inspections and safety audits, recording findings and following up on agreed actions. * Assist with the preparation and maintenance of health and safety documentation, including Risk Assessments, Method Statements and related records. * Support the management of PPE, including monitoring availability, condition and appropriate use. * Assist with the reporting and investigation of accidents, incidents and near misses, ensuring appropriate records and follow-up actions are maintained. * Maintain accurate health and safety records, including inspection, training, incident and corrective action records. * Act as a Safety Representative and proactively contribute to Safety Committee meetings. * Assist with employee and contractor health and safety inductions and toolbox talks. * Support the delivery of health and safety awareness initiatives and campaigns across the teams. * Assist with monitoring statutory inspection, examination and testing requirements for equipment. * Support emergency preparedness activities, including emergency drills and testing of procedures. * Assist with health and safety visits to client sites where required. * Support with contractor management, including reviewing relevant documentation, delivering contractor inductions and monitoring performance. * Work with colleagues across all teams to identify opportunities to improve health and safety standards and working practices. * Follow up on assigned corrective and preventative actions arising from inspections, audits and incidents. * Act as a helpful and approachable point of contact for your colleagues in relation to day-to-day health and safety matters, escalating issues where appropriate. * Report unsafe conditions, damaged goods, equipment defects or other potential risks immediately. * Perform other duties related to health, safety and welfare as reasonably required by management. Continuous Improvement and Industry Awareness * Contribute to the development and improvement of health and safety processes and systems. * Keep up to date with relevant health and safety legislation, guidance and good practice. * Maintain awareness of industry developments and applicable International (IEC), British (BS), European (EN) and other standards relevant to the business. *General:* * Model Capital’s values and contribute to a collaborative, quality-focused environment. * Carry out your duties professionally and with integrity, maintaining confidentiality and discretion. * Take ownership of tasks and follow-up to resolve issues. * Be curious, adaptable, willing to learn and contribute to continual improvement. * Keep your work area clean, organised and safe, taking a ""clean as you go"" approach. * Follow environmental procedures, separating waste and using resources responsibly. * Complete all training and maintain the technical knowledge needed to do your role effectively. * Help out other teams as needed within the business. **Required Qualifications and Skills** Must Have * Diploma or Degree-level qualification in Health and Safety, Occupational Health & Safety or a related discipline, either completed or close to completion. * Solid knowledge of Irish Health and Safety legislation and workplace safety requirements. * Strong interest in developing a career in Health and Safety. * A practical and proactive approach to identifying and addressing safety issues. * Good organisational and administrative skills, with strong attention to detail. * Creative problem-solving skills and the ability to adapt to changing circumstances. * Ability to work effectively with people at all levels of the organisation. * Good IT skills and confidence using Microsoft Office applications. * Committed, reliable and professional, with integrity and a willingness to learn. * Excellent communication skills, both written and verbal. * Committed, resilient professional who shows integrity and drive in everything they do. * Fluent in English and eligible to work in Ireland. Nice to have * Previous work experience, placement or internship within a Health and Safety, manufacturing, engineering or construction environment. * Familiarity with risk assessments, safety inspections or health and safety documentation. * Previous experience of working in a manufacturing or industrial environment, ideally electrical. * Knowledge or awareness of electrical safety principles and relevant standards. * Familiarity with project management software such as Microsoft Project or Smartsheet. **Other details** * Full-time, permanent position. * Based primarily on site in our factory in Rathcoole, Co Dublin. * Working hours are 07:30-16:30 Mon-Thurs and 07:30-13:30 Fri. * Salary €35,000-€42,000, negotiable depending on experience & interview. * Continuous training and further education support. * Employee Assistance Programme, Bike to work scheme, Regular social activities & Free parking. Job Type: Full-time Pay: €35,000.00-€42,000.00 per year Benefits: * Bike to work scheme * Company events * Company pension * Employee assistance program * On-site parking Application question(s): * Do you have a Diploma or Degree in Health & Safety, Occupational Health & Safety, or a related discipline? * Do you have any practical experience in Health & Safety, such as a placement, internship, work experience or previous employment? * Are you eligible to work in Ireland? Work Location: In person",https://ie.indeed.com/viewjob?jk=476731e90b51c7ba,True
Junior Consultant: Accelerate your Career,Access Healthcare,Greater Dublin,linkedin,"* **Progression Based on Results:** Your performance and hard work determine how fast you move up. * **A Clear Path from Day One:** Know exactly what it takes to reach the next level, right from the start. * **No Ceiling on How Far You Go:** Your ambition sets the pace, not a job title or tenure. At Access Healthcare, we're looking for driven, ambitious people who are keen on building relationships for a career change in recruitment. Want to have your effort and performance directly reflected at the end of every month and in how fast you progress? If so, recruitment might just be the match for you. Worried about training? We provide it! **What We're Looking For:** * A strong work ethic and genuine ambition to grow quickly. * Confidence communicating and building relationships with people. * At least 1 year of post-graduation work experience. * EU Passport or Stamp 4 visa. **Standing Still Isn't a Career:** * Working hard, with promotion still years away no matter how well you perform. * Progress decided by tenure, not by what you're capable of. * Wondering what it would take to control the pace of your own career. * A clear next step that never seems to come. **Where Real Progression Takes You:** * A career that moves as fast as you're willing to push it. * Milestones that translate directly into a new title, new pay, new responsibility. * Recognition that reflects your results, not your tenure. * A route into leadership, for those who want to grow beyond just their own numbers. **What Your Effort Could Look Like in Your Bank Account:** * Structure: Basic salary + unlimited commissions. * **Average total compensation year 1: €45k+** * **Average total compensation year 2: €75k+** For more information, contact me at daniel.moreira@accesshealthcare.ie or call +(353) 1 572 1201. Take your career to new heights!",https://www.linkedin.com/jobs/view/4474770523,True
Junior Cost Controller,Mercury,"Leixlip, County Kildare, Ireland",linkedin,"Junior Cost Controller, Leixlip, Co. Kildare Apply Now Mercury is the European leader in construction solutions. We build and manage complex engineering & construction projects for the world’s leading corporations. Our solutions help deliver technologies and life changing advancements that connect people, communities, and businesses, giving them the power to achieve incredible things. Our people have the courage to be innovative. Their determination and sharp focus enable us to deliver with certainty, time and time again. We deliver our clients’ visions through leading edge construction solutions across multiple sectors, including Enterprise Data Centres, Advanced Technology & Life Sciences, Hyperscale Data Centres, Fire Protection. At Mercury, it is our duty to encourage and back our people to realise their vision of themselves. We place them at the heart of what we do, providing challenging opportunities to develop within a great team in a supportive environment that allows them to reach their full potential. **Key Responsibilities Of The Role** **Material management** * Reporting on order values, costs to date, costs to go on a weekly basis * Analysis of material reports and issue action requirement to relevant people * Managing material orders for Tools **Subcontractors** * Reporting on subcontract order values, costs to date, % of works complete, costs to go on a weekly basis. * Issue subcontractor planned payments to accounts on a monthly basis **Labour** * Reports on hours spent per week and cumulatively on all projects * Other SAP reporting as requested. * Ability to liaise and manage all site paperwork * General Administration Office duties **Role** **Essential Criteria for the Role:** * Strong Administration experience * PC literate with competency in Microsoft Word, Excel, Outlook * Must have good Excel skills * 1 – 2 years experience **Desirable Criteria** * Experience in the construction or engineering industry advantage but not essential * SAP experience advantage but not essential as full training will be given * Excellent telephone manner * Attention to detail * Ability to multitask and work under pressure * Strong interpersonal and organisational skills * Pride in the quality and presentation of work * Excellent communication skills ***Mercury is an equal opportunities employer*** **.** Apply Now",https://www.linkedin.com/jobs/view/4474286812,True
Junior Fund Accountant - Graduate Opportunities,mthree,"Dublin, County Dublin, Ireland",linkedin,"**What you’ll do** As a Junior Fund Accountant, you’ll support the delivery of high-quality accounting services for assigned funds and clients. Your responsibilities will include: * Performing cash and asset reconciliations for assigned funds * Reconciliating and allocating fund expenses accurately * Preparing first draft fund performance reports for client review * Contributing to service improvement initiatives, process efficiencies, and control enhancements * Supporting senior colleagues on complex accounting items and escalations * Answering standard client questions on fund reporting and accounting processes * Helping ensure compliance with internal controls and operational standards * Working collaboratively to support team and business objectives This role provides deep exposure to fund accounting processes, NAV components, financial reporting cycles, and operational fund controls. **Training You Will Receive (mthree Academy)** Before joining your client team, you will complete structured training designed to build your expertise across financial markets, accounting fundamentals, and fund operations. **Core Curriculum Overview** **Banking & Market Foundations** * History and evolution of the global banking system * Role of banks in financial markets * Basel regulatory framework * Regulatory compliance, governance & culture * Financial crime compliance * Professional skills: networking, communication, remote work readiness **Funds Industry Deep Dive** * Overview of the funds industry * Fund operations & finance * Fund types & structures * NAV components and fund accounting principles * Group case studies and applied exercises **Applied Technical & Operational Skills** * Generic transaction processing & trade lifecycle * Investment products: fixed income, equities, derivatives * Advanced Excel * Project management & business analysis * Data visualization and presentation building * Exercises covering fund types, reconciliation, operating expenses, and more **During the Academy You Can Expect** * Instructor led classes (Mon–Fri, 9:00–17:00) * Interactive sessions, group projects, case studies * Assessments, quizzes, and a final project * Daily support from mthree’s Academy Experience team * Access to professional development resources and community events **What You Bring** * Bachelor’s degree in Finance, Accounting, Economics, or similar * 0–3 years of experience (graduates strongly encouraged to apply) * Strong analytical and numerical skills * Attention to detail and a proactive approach * Interest in investment operations, markets, and accounting * Strong communication skills in English **Why start your career with mthree?** * Launch your career with a globally recognized investment bank * Receive industry leading training at no cost * Earn a salary from day one onsite/post training — no training bonds or hidden fees * Continuous career support, development, and check-ins * Access to professional learning resources and community events",https://www.linkedin.com/jobs/view/4474045397,True
Junior Graphic Designer,Originate Creative,"Dublin, County Dublin, Ireland",linkedin,"We’re looking for a talented Junior Designer to join our fast-paced, high-performing creative studio. We’re a team of 20+ strategists, designers and developers working with an exciting mix of clients across branding, digital, campaigns and communications. From ambitious challenger brands to established national and international businesses, we create work that’s thoughtful, beautifully crafted and built to perform. This is an opportunity to do meaningful creative work in a collaborative, ambitious environment where ideas are valued and designers are trusted with real ownership. You’ll work closely with senior creatives, helping shape projects from early concepts through to polished execution. We want a designer who brings ideas to the table, thinks strategically, cares deeply about craft and detail, and is excited by the intersection of design, motion, storytelling and digital experiences. If you’re fluent in graphic and motion design, highly skilled across Adobe Creative Suite, and video editing tools (Premiere Pro, After Effects or CapCut) and excited to create standout work across brands, campaigns and digital platforms, we’d love to hear from you. **What You’ll Do** * Create high-quality graphic design work across branding, digital, social, presentations, campaigns and communications * Create video edits and motion design for social media and digital platforms * Bring brands to life through motion, animation and storytelling * Contribute to creative concepts and collaborate with senior designers, strategists and creative director * Help push the studio creatively through curiosity, experimentation and attention to detail * Stay on top of emerging trends, tools and technologies, including AI-assisted creative workflows **What You’ll Bring** * 2+ years’ experience in an agency or creative environment * A strong portfolio demonstrating originality, craft and strategic thinking * Great video editing and animation skills for Social Media * Strong understanding of Social Media language * Advanced Adobe Creative Suite skills (Illustrator, Photoshop, InDesign, After Effects) * Strong understanding of typography, layout construction, video pacing and visual storytelling * Confidence working across both static and motion design * A proactive, agile mindset with a desire to keep learning and evolving * Figma and UI/UX knowledge is a strong advantage * Fluent English",https://www.linkedin.com/jobs/view/4474048411,True
Junior Product Engineer,Johnson Controls,"Dublin, County Dublin, Ireland",linkedin,"*European Air-Cooled Chiller Engineering | Dublin, Ireland* **What You Will Do** Johnson Controls has an exciting Product Engineer I opportunity based at our Dublin, Ireland location, supporting our new European air-cooled chiller engineering organization. If you are beginning your engineering career and enjoy mechanical design, hands-on testing, and data analysis, this could be the right position for you. In this entry-level role you will support the mechanical design and performance of air-cooled chiller components engineered for the European market, working under close supervision to complete design work as part of a project team. You will build your knowledge of our products, support laboratory testing and factory activity, and contribute to new and exciting product development programs while developing your technical expertise. **How You Will Do It** * Builds an understanding of the theories, concepts, technical principles, and processes related to the fluid, thermal, refrigeration, and other mechanical aspects of air-cooled chillers * Works under close supervision, following work instructions and defined processes, and takes direction from more experienced engineers * Follows the project plan and participates in design activities with other team members * Supports delivery of engineering deliverables, including design specifications, design reviews, data analysis, etc. * Learns and applies European mechanical and safety codes and directives, including CE marking, the Pressure Equipment Directive (PED), and the Machinery Directive, and harmonized standards such as EN 378 (refrigerating systems safety) and EN 14511 (chiller performance rating) * Supports the build, instrumentation, and running of laboratory test programs; collects, reduces, and presents test data under guidance * Assists with the selection of mechanical components – including heat exchangers, fans, valves, and refrigerant piping – considering cost, performance, and availability * Provides day-to-day support to factory operations, the laboratory, and product technical service on assigned components * Supports the sustaining of released product, including gathering information to support design changes * Communicates with project team members and reports progress on assigned tasks * Applies standard technical and mathematical principles, theories, concepts, and best-practice methodologies in the field * Continuously increases expertise across chiller design, theory, construction, operation, and applications; participates in process improvement * Adheres to the Company’s Code of Conduct and Business Ethics standards **Required** **What we look for** * BS in Mechanical Engineering or a related engineering discipline / science * Entry level; previous internship, co-op, or work experience in a related field preferred * Understanding of fundamental fluid and thermal principles * Working knowledge of 3D CAD and engineering drawing practice * Willingness to learn and apply European mechanical and refrigeration codes and standards (CE marking, PED, Machinery Directive, EN 378) * Able to organize and process large amounts of data * Good written and verbal communication skills * Ability to work in a fast-paced, schedule-driven, team-oriented environment * Ability to travel up to 10%, primarily within Europe **Preferred** * Internship, co-op, or placement experience in HVAC, refrigeration, or another industrial product environment * Exposure to laboratory testing, instrumentation, and data acquisition * Familiarity with refrigeration systems and the EU F-Gas Regulation * Familiarity with HVAC systems and motor-driven mechanical engineering design and test * Exposure to structural, thermal, or computational fluid dynamics (CFD) analysis * Experience with ERP / material resource planning (MRP) software * Familiarity with European regulatory standards such as EN 378, EN 14511, and the Ecodesign / ErP framework #AVRIL",https://www.linkedin.com/jobs/view/4473682810,True
Junior Quantity Surveyor,,"Blanchardstown, D, IE",indeed,"**Junior Quantity Surveyor** **Location:** Blanchardstown, Dublin with some site travel required **Employment Type:** Full-Time, Permanent **Salary:** Dependent on experience **About Us** We are a growing construction management company delivering high-quality residential, commercial, and fit-out projects across Ireland. As a small, dynamic team, we pride ourselves on building strong relationships with our clients, subcontractors, and suppliers while maintaining the highest standards of quality, cost control, and project delivery. We are seeking an enthusiastic and motivated **Junior Quantity Surveyor** to join our team. This is an excellent opportunity for a recent graduate or early-career professional looking to develop their skills and gain hands-on experience across a variety of construction projects. **Key Responsibilities** * Assist with the preparation of cost estimates, budgets, and tender submissions. * Assist in procuring subcontractors and suppliers. * Prepare and monitor project cost reports. * Help manage variations and change orders. * Maintain accurate records and project documentation. * Attend site visits and project meetings as required. * Work closely with project managers and senior quantity surveyors to ensure projects are delivered within budget. **Skills & Experience** * Degree or diploma in Quantity Surveying, Construction Management, or a related discipline. * Recent graduate or up to 2 years' experience in a quantity surveying role. * Strong numerical and analytical skills. * Good understanding of construction methods and contracts. * Proficiency in Microsoft Excel and Microsoft Office Suite. * Strong communication and organisational skills. * Ability to work independently and as part of a team. * Full driving licence preferred. **What We Offer** * Competitive salary based on experience. * Opportunity to gain exposure to a wide range of construction projects. * Mentorship and professional development support. * Career progression within a growing company. * Friendly and collaborative working environment. * Support towards professional accreditation where applicable. **How to Apply** If you are eager to start your career in quantity surveying and want to join a company where your contribution will make a real impact, we'd love to hear from you. Please send your CV and a brief cover letter to **info@lough.ie** with the subject line **""Junior Quantity Surveyor Application""** Pay: €42,500.00-€50,000.00 per year Benefits: * On-site parking Work Location: In person",https://ie.indeed.com/viewjob?jk=cdd708a681227a31,True
Kepak Commercial Graduate Programme 2027 - Ireland,Kepak Group,"Clonee, MH, IE",indeed,"Kepak Commercial Graduate Programme 2027 - Ireland **Role Purpose** The Graduate programme is designed to equip participants with the essential skills, knowledge, and experience needed to succeed in the meat processing industry, specifically within our sales and commercial teams. Graduates will start by gaining hands-on experience on the factory floor, providing a solid foundation in operations before progressing into sales and account management roles. The aim is to develop well-rounded professionals who understand the full product lifecycle, from production to customer delivery, and who can drive sales while ensuring product and price alignment. **Key Responsibilities** * Customer Engagement: Develop and maintain strong relationships with customers by understanding their specific needs and delivering bespoke solutions tailored to their requirements. * Sales & Negotiation: Lead and manage sales activities, from prospecting to closing deals, ensuring both revenue and margin targets are met. * Market Analysis: Monitor industry trends, competitor activities, and market conditions to adapt sales strategies accordingly. * Project Management: Oversee the implementation of sales and marketing plans, ensuring timely execution and alignment with company goals. * Brand Ambassador: Represent the company at various industry events, maintaining a strong professional presence and promoting our brand values. * Continuous Improvement: Identify and implement opportunities for process improvements, both in sales and operations, to enhance efficiency and effectiveness. **Key Competencies** * Customer Orientation: Ability to understand and respond to customer needs with bespoke solutions. * Commercial Acumen: Understanding of market drivers, profitability, and competitive forces within the livestock industry. * Negotiation Skills: Capable of closing deals that are beneficial for both the customer and the company. * Analytical Thinking: Ability to analyse data and market conditions to make informed decisions. * Resilience: Handle a heavy workload and frequent travel with a positive attitude, learning from failures and continuously improving. * Project Management: Effective in planning, executing, and overseeing projects to successful completion. **Other Role Information** * Travel: This role requires travel to various customer sites and company locations, offering a dynamic and varied work environment. * Work Environment: Initial placement on the factory floor followed by office-based and client-facing roles. * Career Path: Graduates are expected to progress into more senior commercial roles, with opportunities to advance to management within five years, based on performance. Our Graduate programme allows dynamic, motivated, hardworking, and passionate Graduates an opportunity start their career with one of Ireland & UKs leading meat businesses. The programme lasts 2 years. **You can expect:** * To be fully immersed into our Culture from day 1, working alongside key industry experts and Kepak leaders * An opportunity to work in various departments across the business with a rotation plan tailored to your development, the rotations plan will vary by site * Gain an in depth understanding of our brands and products, and our relationships with customers and consumers * To learn key aspects of our business, whilst you develop your skills and knowledge * The opportunity to develop personally and professionally through exposure to key projects, tasks and development activities that challenge you, all supported by a detailed learner journey and training plan * A dedicated mentor and development program to support you both on the programme and into a role that best fits your skills **Start date:** September 6th 2027 **Starting Salary** - €33,500 with an up to €1,500 increase at the start of Year 2 to €35,000 **Read more about our programme and hear from some of our Graduates*****:*** https://www.kepak.com/careers/graduates/ **Requirements** **Who are we looking for?** We are looking for hardworking and ambitious Graduates, who want to learn and grow in a challenging and fast paced environment, by performing real roles as part of your rotations. You must be mobile and willing to travel throughout the programme to undertake development activities at any of our sites in the UK and Ireland. We will consider undergraduates from all disciplines and backgrounds. **Knowledge, Skills, and Experience** * Industry Experience: Prior experience in food service, FMCG, or a related industry is beneficial, but not essential. General sales experience is less applicable unless accompanied by a strong understanding of our industry. * Skills: Strong abilities in channel and customer strategy, account management, joint business planning, and commercial analysis. * Business Acumen: Demonstrated understanding of the sales process within the food industry, including pricing, margins, and costings. **Personal Attributes** * Team Player: Collaborative approach to working with colleagues across various departments. * Self-Motivation: Driven to succeed and comfortable working independently. * Confidence & Assertiveness: Able to communicate assertively and stand their ground when addressing quality issues while maintaining amicable relationships with colleagues * Adaptability: Flexible and able to adjust to different roles, challenges, and environments. We will be looking for alignment with our Core Values: **Responsibility** – Ability to work on your own initiative and take accountability for your actions **Ambition** – You will have the willingness and confidence to challenge yourself to be the best you can be and be driven to succeed **Passion for Food** – this is at the heart of everything we do, you must be passionate about every aspect of our industry **Teamwork** – ability to build positive relationships quickly with people from all cultures and career stages is pivotal **Benefits** * Employee Discount Scheme * Service-Related Annual Leave * Discounted Health Insurance * Educational Assistance/ L&D * Discounted Meat Products * Cycle to work scheme * Employee assistance programme",https://ie.indeed.com/viewjob?jk=621db125c235c653,True
Kepak Commercial Graduate Programme 2027 - Ireland,Kepak Group,"Dublin, County Dublin, Ireland",linkedin,"**Role Purpose** The Graduate programme is designed to equip participants with the essential skills, knowledge, and experience needed to succeed in the meat processing industry. Our Food Division Commercial team are looking for a Graduate to join to team, with a specific focus on Business Development in the EU Markets. The aim is to develop well-rounded professionals who understand the full product lifecycle, from production to customer delivery, and who can drive sales while ensuring product and price alignment. **Key Responsibilities** * Customer Engagement: Develop and maintain strong relationships with customers by understanding their specific needs and delivering bespoke solutions tailored to their requirements * Sales & Negotiation: Lead and manage sales activities, from prospecting to closing deals, ensuring both revenue and margin targets are met * Product Development Collaboration: Work closely with New Product Development (NPD) teams to ensure that products meet customer specifications and pricing requirements * Market Analysis: Monitor industry trends, competitor activities, and market conditions to adapt sales strategies accordingly * Project Management: Oversee the implementation of sales and marketing plans, ensuring timely execution and alignment with company goals * Brand Ambassador: Represent the company at various industry events, maintaining a strong professional presence and promoting our brand values * Continuous Improvement: Identify and implement opportunities for process improvements, both in sales and operations, to enhance efficiency and effectiveness **Key Competencies** * Customer Orientation: Ability to understand and respond to customer needs with bespoke solutions * Commercial Acumen: Understanding of market drivers, profitability, and competitive forces within the livestock industry * Negotiation Skills: Capable of closing deals that are beneficial for both the customer and the company * Analytical Thinking: Ability to analyse data and market conditions to make informed decisions * Resilience: Handle a heavy workload and frequent travel with a positive attitude, learning from failures and continuously improving * Project Management: Effective in planning, executing, and overseeing projects to successful completion **Other Role Information** * Travel: This role requires travel to various customer sites and company locations, both in wider Europe, as well as Ireland and the UK, offering a dynamic and varied work environment * Career Path: Graduates are expected to progress into more senior commercial roles, with opportunities to advance to management within five years, based on performance Our Graduate programme allows dynamic, motivated, hardworking, and passionate Graduates an opportunity start their career with one of Ireland & UKs leading meat businesses. The programme lasts 2 years. **You can expect:** * To be fully immersed into our Culture from day 1, working alongside key industry experts and Kepak leaders * An opportunity to work in various departments across the business with a rotation plan tailored to your development, the rotations plan will vary by site * Gain an in depth understanding of our brands and products, and our relationships with customers and consumers * To learn key aspects of our business, whilst you develop your skills and knowledge * The opportunity to develop personally and professionally through exposure to key projects, tasks and development activities that challenge you, all supported by a detailed learner journey and training plan * A dedicated mentor and development program to support you both on the programme and into a role that best fits your skills **Start date:** September 6th 2027 **Starting Salary** - €33,500 with an up to €1,500 increase at the start of Year 2 to €35,000 **Role Location** - Kepak Blanchardstown, Dublin, Ireland **Read more about our programme and hear from some of our Graduates** ***:*** https://www.kepak.com/careers/graduates/ **Requirements** **Who are we looking for?** We are looking for hardworking and ambitious Graduates, who want to learn and grow in a challenging and fast paced environment, by performing real roles as part of your rotations. You must be mobile and willing to travel throughout the programme to undertake development activities at any of our sites in the UK and Ireland. We will consider undergraduates from all disciplines and backgrounds. Being fluent in French, German or both is an advantage. **Knowledge, Skills, And Experience** * Industry Experience: Prior experience in food service, FMCG, or a related industry is beneficial, but not essential. General sales experience is less applicable unless accompanied by a strong understanding of our industry * Skills: Strong abilities in channel and customer strategy, account management, joint business planning, and commercial analysis * Business Acumen: Demonstrated understanding of the sales process within the food industry, including pricing, margins, and costings **Personal Attributes** * Team Player: Collaborative approach to working with colleagues across various departments * Self-Motivation: Driven to succeed and comfortable working independently * Confidence & Assertiveness: Able to communicate assertively and stand their ground when addressing quality issues while maintaining amicable relationships with colleagues * Adaptability: Flexible and able to adjust to different roles, challenges, and environments We will be looking for alignment with our Core Values: **Responsibility** - Ability to work on your own initiative and take accountability for your actions **Ambition** - You will have the willingness and confidence to challenge yourself to be the best you can be and be driven to succeed **Passion for Food** - this is at the heart of everything we do, you must be passionate about every aspect of our industry **Teamwork** - ability to build positive relationships quickly with people from all cultures and career stages is pivotal **Benefits** * Benefits Ireland + Employee Discount Scheme + Service-Related Annual Leave + Discounted Health Insurance + Educational Assistance/ L&D + Cycle to work scheme + Employee assistance programme",https://www.linkedin.com/jobs/view/4476156478,True
Kepak Commercial Graduate Programme 2027 - Ireland,Kepak Group,"Dublin, D, IE",indeed,"Kepak Commercial Graduate Programme 2027 - Ireland **Role Purpose** The Graduate programme is designed to equip participants with the essential skills, knowledge, and experience needed to succeed in the meat processing industry. Our Food Division Commercial team are looking for a Graduate to join to team, with a specific focus on Business Development in the EU Markets. The aim is to develop well-rounded professionals who understand the full product lifecycle, from production to customer delivery, and who can drive sales while ensuring product and price alignment. **Key Responsibilities** * **Customer Engagement**: Develop and maintain strong relationships with customers by understanding their specific needs and delivering bespoke solutions tailored to their requirements. * **Sales & Negotiation:** Lead and manage sales activities, from prospecting to closing deals, ensuring both revenue and margin targets are met. * **Product Development Collaboration:** Work closely with New Product Development (NPD) teams to ensure that products meet customer specifications and pricing requirements. * **Market Analysis**: Monitor industry trends, competitor activities, and market conditions to adapt sales strategies accordingly. * **Project Management:** Oversee the implementation of sales and marketing plans, ensuring timely execution and alignment with company goals. * **Brand Ambassador:** Represent the company at various industry events, maintaining a strong professional presence and promoting our brand values. * **Continuous Improvement:** Identify and implement opportunities for process improvements, both in sales and operations, to enhance efficiency and effectiveness. **Key Competencies** * **Customer Orientation:** Ability to understand and respond to customer needs with bespoke solutions. * **Commercial Acumen:** Understanding of market drivers, profitability, and competitive forces within the livestock industry. * **Negotiation Skills**: Capable of closing deals that are beneficial for both the customer and the company. * **Analytical Thinking:** Ability to analyse data and market conditions to make informed decisions. * **Resilience:** Handle a heavy workload and frequent travel with a positive attitude, learning from failures and continuously improving. * **Project Management:** Effective in planning, executing, and overseeing projects to successful completion. **Other Role Information** * Travel: This role requires travel to various customer sites and company locations, both in wider Europe, as well as Ireland and the UK, offering a dynamic and varied work environment. * Career Path: Graduates are expected to progress into more senior commercial roles, with opportunities to advance to management within five years, based on performance. Our Graduate programme allows dynamic, motivated, hardworking, and passionate Graduates an opportunity start their career with one of Ireland & UKs leading meat businesses. The programme lasts 2 years. **You can expect:** * To be fully immersed into our Culture from day 1, working alongside key industry experts and Kepak leaders * An opportunity to work in various departments across the business with a rotation plan tailored to your development, the rotations plan will vary by site * Gain an in depth understanding of our brands and products, and our relationships with customers and consumers * To learn key aspects of our business, whilst you develop your skills and knowledge * The opportunity to develop personally and professionally through exposure to key projects, tasks and development activities that challenge you, all supported by a detailed learner journey and training plan * A dedicated mentor and development program to support you both on the programme and into a role that best fits your skills **Start date:** September 6th 2027 **Starting Salary** - €33,500 with an up to €1,500 increase at the start of Year 2 to €35,000 **Role Location** - Kepak Blanchardstown, Dublin, Ireland **Read more about our programme and hear from some of our Graduates*****:*** https://www.kepak.com/careers/graduates/ **Requirements** **Who are we looking for?** We are looking for hardworking and ambitious Graduates, who want to learn and grow in a challenging and fast paced environment, by performing real roles as part of your rotations. You must be mobile and willing to travel throughout the programme to undertake development activities at any of our sites in the UK and Ireland. We will consider undergraduates from all disciplines and backgrounds. Being fluent in French, German or both is an advantage. **Knowledge, Skills, and Experience** * Industry Experience: Prior experience in food service, FMCG, or a related industry is beneficial, but not essential. General sales experience is less applicable unless accompanied by a strong understanding of our industry. * Skills: Strong abilities in channel and customer strategy, account management, joint business planning, and commercial analysis. * Business Acumen: Demonstrated understanding of the sales process within the food industry, including pricing, margins, and costings. **Personal Attributes** * Team Player: Collaborative approach to working with colleagues across various departments. * Self-Motivation: Driven to succeed and comfortable working independently. * Confidence & Assertiveness: Able to communicate assertively and stand their ground when addressing quality issues while maintaining amicable relationships with colleagues * Adaptability: Flexible and able to adjust to different roles, challenges, and environments. We will be looking for alignment with our Core Values: **Responsibility** – Ability to work on your own initiative and take accountability for your actions **Ambition** – You will have the willingness and confidence to challenge yourself to be the best you can be and be driven to succeed **Passion for Food** – this is at the heart of everything we do, you must be passionate about every aspect of our industry **Teamwork** – ability to build positive relationships quickly with people from all cultures and career stages is pivotal **Benefits** * Benefits Ireland * + Employee Discount Scheme + Service-Related Annual Leave + Discounted Health Insurance + Educational Assistance/ L&D + Cycle to work scheme + Employee assistance programme",https://ie.indeed.com/viewjob?jk=09083d8b3d353e84,True
Kepak Culinary Graduate Programme 2027 - Ireland,Kepak Group,"Dublin, D, IE",indeed,"Kepak Culinary Graduate Programme 2027 - Ireland **Role Purpose** The Culinary Graduate will be involved in the creation and refinement of new food products, working closely with the New Product Development (NPD) team. This role offers a hands-on experience in product development, from concept through to testing and launch, providing an excellent platform for graduates to build a career in the food industry. **Key Responsibilities** * **Presentations:** Supporting the Culinary Innovation Agenda with customer facing presentations and an in-depth knowledge of concept design & product development * **Product Design & Testing:** Passionate about food and driven by a desire to create new and exciting products. Participate in testing and sensory analysis to ensure products meet quality and taste standards. * **Development Support:** Contribute to the development of new products by assisting with ingredient sourcing, recipe formulation, and prototype development. * **Data Analysis:** Analyse test data and results to make informed recommendations for product improvements or adjustments. * **Documentation**: Maintain detailed records of product formulations, test results, and development progress to ensure traceability and consistency. **Key Competencies** * **Product Development:** Balances creativity with a structured approach to product development, ensuring that all steps are methodically followed, with a strong emphasis on cross-functional communication. * **Analytical Skills:** Strong analytical abilities to evaluate product performance and make data-driven decisions. * **Creativity:** Ability to think creatively about product concepts and improvements. * **Attention to Detail:** Precision in documenting product formulations and test results. **Other Role Information** * **Location:** This role is predominantly based at our Centre of Excellence in Blanchardstown, but will include some travel between company sites and external venues in the UK and Ireland. * **Career Progression:** This role is designed to prepare graduates for advanced positions in Culinary or related fields within the company. * **Work Environment:** Creative and collaborative, with a focus on innovation and continuous product improvement. This is a 2 year Graduate programme. **You can expect:** * To be fully immersed into our Culture from day 1, working alongside key industry experts and Kepak leaders * An opportunity to work in various departments across the business with a rotation plan tailored to your development, the rotations plan will vary by site * Gain an in depth understanding of our brands and products, and our relationships with customers and consumers * To learn key aspects of our business, whilst you develop your skills and knowledge * The opportunity to develop personally and professionally through exposure to key projects, tasks and development activities that challenge you, all supported by a detailed learner journey and training plan * A dedicated mentor and development program to support you both on the programme and into a role that best fits your skills **Start date:** September 6th 2027 **Starting Salary** - €33,500 with an up to €1,500 increase at the start of Year 2 to €35,000 **Read more about our programme and hear from some of our Graduates*****:*** https://www.kepak.com/careers/graduates/ **Requirements** **Who are we looking for?** We are looking for hardworking and ambitious Graduates, who want to learn and grow in a challenging and fast paced environment, by performing real roles as part of your rotations. You must be mobile and willing to travel throughout the programme to undertake development activities at any of our sites in the UK and Ireland. **Knowledge, Skills, and Experience** * Educational Background: Degree in Culinary Arts, Culinary Innovation & Food Product Development, Culinary Entrepreneurship or Professional Cookery essential. * Industry Experience: Previous experience of working as a chef in a kitchen is essential * Skills: Understanding of sensory analysis, ingredient functionality, and basic food processing technologies. **Personal Attributes** * Enthusiasm & Willingness to Learn: Open to new experiences and eager to acquire knowledge in the meat processing industry. * Organised: Able to manage multiple tasks and priorities effectively. * Collaborative: A team-oriented approach to working with colleagues across different functions. We will be looking for alignment with our Core Values: **Responsibility** – Ability to work on your own initiative and take accountability for your actions **Ambition** – You will have the willingness and confidence to challenge yourself to be the best you can be and be driven to succeed **Passion for Food** – this is at the heart of everything we do, you must be passionate about every aspect of our industry **Teamwork** – ability to build positive relationships quickly with people from all cultures and career stages is pivotal **Benefits** * + Employee Discount Scheme + Service-Related Annual Leave + Discounted Health Insurance + Educational Assistance/ L&D + Cycle to work scheme + Employee assistance programme",https://ie.indeed.com/viewjob?jk=3b90a0a90b5f7b29,True
Kepak Energy Usage Graduate Programme 2027 - Ireland,Kepak Group,"Clonee, MH, IE",indeed,"Kepak Energy Usage Graduate Programme 2027 - Ireland We are seeking to recruit for the 2027 Energy Usage Graduate Programme across the following Kepak locations in Ireland: * + *Clonee, Co.Meath* + *Ballymahon, Co.Longford* + *Watergrasshill, Co.Cork* + *Athleague,Co.Roscommon* + *Ballybay, Co.Monaghan* + *McCarrens, Cavan* Are you passionate about energy management and ready to learn? We’re looking for a **Trainee Energy Efficient Manager/ Energy Graduate** who is eager to grow and make a real impact in the field of sustainability. This is a great opportunity for someone who wants to develop their skills and knowledge in energy management, while being supported with training and mentorship to build a successful career. In this role, you’ll gain hands-on experience, manage energy efficiency projects, and help shape the future of energy management. We are looking for someone who is excited to learn, contribute, and grow in a fast-paced and dynamic environment. **Job Purpose:** To optimise energy resource management across our Midlands sites, helping us reduce consumption and improve sustainability through effective energy efficiency practices. **What You’ll Do:** * **Lead the Charge:** Play a key role in driving energy leadership, making efficiency a priority across our sites with support and guidance from senior team members. * **Create Impact:** Develop and manage a 5-year energy plan aligned with our sustainability targets (Origin Green & SBTI). * **Water Stewardship Hero:** Manage the company’s Water Stewardship Strategy and ensure sustainability is at the core of our operations. * **Energy Mapping:** Develop and manage site-specific energy maps to optimise energy flow and consumption. * **System Optimisation:** Learn to manage and optimise our Energy Management Systems (EMS) to drive energy efficiency improvements. * **Collaborate & Report:** Lead weekly site energy management meetings, and represent our Midlands sites in monthly meetings. * **Continuous Improvement:** Drive incremental improvements in energy consumption, always looking for ways to enhance sustainability practices. * **Project Delivery:** Support the delivery of energy and water reduction projects with measurable results. **What’s In It For You?** * **Career Development:** You’ll receive plenty of training and mentorship to develop your skills and advance your career in energy management. * **Real Impact:** Your work will contribute directly to our decarbonisation journey and a more sustainable future. * **Innovative Culture:** Join a team that values forward-thinking ideas and approaches to energy challenges. * **Continuous Growth:** We’ll support your ongoing learning and provide opportunities to expand your knowledge. This is more than just a job—it’s an exciting opportunity to grow your career while helping shape a sustainable future. Let’s build a sustainable tomorrow, today. **What We’re Looking For:** We’re looking for someone who is **innovative, driven, and ready to learn**. If you’re passionate about energy efficiency and sustainability, and excited about a hands-on role that will help you grow professionally, this is the perfect opportunity for you. We want someone who thrives on collaboration, enjoys solving problems, and is motivated to make a positive impact on the environment. **What You’ll Bring:** * **Analytical Mindset:** You enjoy working with data and uncovering opportunities for improvement. * **Communication Skills:** You’re comfortable communicating clearly and confidently, whether in meetings or presentations. * **Project Management Enthusiast:** You’re keen to learn how to manage multiple projects and deadlines effectively. * **Tech-Savvy:** Strong computer and Excel skills will be key, and you’ll receive training on digital tools to optimise energy performance. * **Attention to Detail:** You take pride in your work and ensure everything is completed with precision and care. * **Energy Interest:** While you may not have all the technical expertise just yet, you have an eagerness to learn and a genuine interest in energy efficiency and sustainability. **Start date:** September 6th 2026 **Starting Salary** - €33,500 with an up to €1,500 increase at the start of Year 2 to €35,000 **Read more about our programme and hear from some of our Graduates*****:***https://www.kepak.com/careers/graduates/ **Requirements** **Who are we looking for?** We are looking for hardworking and ambitious Graduates, who want to learn and grow in a challenging and fast paced environment, by performing real roles as part of your rotations. You must be mobile and willing to travel throughout the programme to undertake development activities at any of our sites in the UK and Ireland. We will consider undergraduates from all disciplines and backgrounds. **Knowledge and Skills** * Educational Background: Open to graduates from all disciplines. * Communication Skills: Strong verbal and written communication skills, with the ability to communicate effectively with people of different nationalities and backgrounds. **Personal Attributes** * Driven and Ambitious: A desire to build a long-term career in the meat industry, with aspirations to become a manager in operations. * Eager to Learn: A proactive approach to learning, with a willingness to seek out information, ask questions, and absorb knowledge like a sponge. * Resilience: Comfortable working in a challenging environment, including exposure to abattoirs and carcass locations. We will be looking for alignment with our Core Values: **Responsibility** – Ability to work on your own initiative and take accountability for your actions **Ambition** – You will have the willingness and confidence to challenge yourself to be the best you can be and be driven to succeed **Passion for Food** – this is at the heart of everything we do, you must be passionate about every aspect of our industry **Teamwork** – ability to build positive relationships quickly with people from all cultures and career stages is pivotal **Benefits** * + Employee Discount Scheme + Service-Related Annual Leave + Discounted Health Insurance + Educational Assistance/ L&D + Cycle to work scheme + Employee assistance programme",https://ie.indeed.com/viewjob?jk=41cf61e7048d543b,True
Kepak Energy Usage Graduate Programme 2027 - Ireland,Kepak Group,"Clonee, County Meath, Ireland",linkedin,"We are seeking to recruit for the 2027 Energy Usage Graduate Programme across the following Kepak locations in Ireland: * Clonee, Co.Meath * Ballymahon, Co.Longford * Watergrasshill, Co.Cork * Athleague,Co.Roscommon * Ballybay, Co.Monaghan * McCarrens, Cavan Are you passionate about energy management and ready to learn? We're looking for a **Trainee Energy Efficient Manager/ Energy Graduate** who is eager to grow and make a real impact in the field of sustainability. This is a great opportunity for someone who wants to develop their skills and knowledge in energy management, while being supported with training and mentorship to build a successful career. In this role, you'll gain hands-on experience, manage energy efficiency projects, and help shape the future of energy management. We are looking for someone who is excited to learn, contribute, and grow in a fast-paced and dynamic environment. **Job Purpose:** To optimise energy resource management across our Midlands sites, helping us reduce consumption and improve sustainability through effective energy efficiency practices. **What You'll Do:** * Lead the Charge: Play a key role in driving energy leadership, making efficiency a priority across our sites with support and guidance from senior team members * Create Impact: Develop and manage a 5-year energy plan aligned with our sustainability targets (Origin Green & SBTI) * Water Stewardship Hero: Manage the company's Water Stewardship Strategy and ensure sustainability is at the core of our operations * Energy Mapping: Develop and manage site-specific energy maps to optimise energy flow and consumption * System Optimisation: Learn to manage and optimise our Energy Management Systems (EMS) to drive energy efficiency improvements * Collaborate & Report: Lead weekly site energy management meetings, and represent our Midlands sites in monthly meetings * Continuous Improvement: Drive incremental improvements in energy consumption, always looking for ways to enhance sustainability practices * Project Delivery: Support the delivery of energy and water reduction projects with measurable results **What's In It For You?** * Career Development: You'll receive plenty of training and mentorship to develop your skills and advance your career in energy management * Real Impact: Your work will contribute directly to our decarbonisation journey and a more sustainable future * Innovative Culture: Join a team that values forward-thinking ideas and approaches to energy challenges * Continuous Growth: We'll support your ongoing learning and provide opportunities to expand your knowledge This is more than just a job—it's an exciting opportunity to grow your career while helping shape a sustainable future. Let's build a sustainable tomorrow, today. **What We're Looking For:** We're looking for someone who is **innovative, driven, and ready to learn** . If you're passionate about energy efficiency and sustainability, and excited about a hands-on role that will help you grow professionally, this is the perfect opportunity for you. We want someone who thrives on collaboration, enjoys solving problems, and is motivated to make a positive impact on the environment. **What You'll Bring:** * Analytical Mindset: You enjoy working with data and uncovering opportunities for improvement. * Communication Skills: You're comfortable communicating clearly and confidently, whether in meetings or presentations * Project Management Enthusiast: You're keen to learn how to manage multiple projects and deadlines effectively * Tech-Savvy: Strong computer and Excel skills will be key, and you'll receive training on digital tools to optimise energy performance * Attention to Detail: You take pride in your work and ensure everything is completed with precision and care * Energy Interest: While you may not have all the technical expertise just yet, you have an eagerness to learn and a genuine interest in energy efficiency and sustainability **Start date:** September 6th 2026 **Starting Salary** - €33,500 with an up to €1,500 increase at the start of Year 2 to €35,000 **Read more about our programme and hear from some of our Graduates** ***:*** https://www.kepak.com/careers/graduates/ **Requirements** **Who are we looking for?** We are looking for hardworking and ambitious Graduates, who want to learn and grow in a challenging and fast paced environment, by performing real roles as part of your rotations. You must be mobile and willing to travel throughout the programme to undertake development activities at any of our sites in the UK and Ireland. We will consider undergraduates from all disciplines and backgrounds. **Knowledge And Skills** * Educational Background: Open to graduates from all disciplines * Communication Skills: Strong verbal and written communication skills, with the ability to communicate effectively with people of different nationalities and backgrounds **Personal Attributes** * Driven and Ambitious: A desire to build a long-term career in the meat industry, with aspirations to become a manager in operations * Eager to Learn: A proactive approach to learning, with a willingness to seek out information, ask questions, and absorb knowledge like a sponge * Resilience: Comfortable working in a challenging environment, including exposure to abattoirs and carcass locations We will be looking for alignment with our Core Values: **Responsibility** - Ability to work on your own initiative and take accountability for your actions **Ambition** - You will have the willingness and confidence to challenge yourself to be the best you can be and be driven to succeed **Passion for Food** - this is at the heart of everything we do, you must be passionate about every aspect of our industry **Teamwork** - ability to build positive relationships quickly with people from all cultures and career stages is pivotal **Benefits** * Employee Discount Scheme * Service-Related Annual Leave * Discounted Health Insurance * Educational Assistance/ L&D * Cycle to work scheme * Employee assistance programme",https://www.linkedin.com/jobs/view/4476166043,True
Key Account Executive,Uniphar Group,"Dublin, County Dublin, Ireland",linkedin,"**Location** : Uniphar Group, Block 645, Jordanstown Drive, Greenogue Business Park, Rathcoole, Co. Dublin, D24 YD83, Ireland. **Hybrid role:** Office-based 4 days per week, with 1 day working from home. **The Role** The Key Account Executive supports the day-to-day management of customer accounts by providing excellent customer service, coordinating account activities, and building strong relationships with customers, suppliers, and internal stakeholders. Working closely with Sales and Account Management teams, the role helps ensure customer satisfaction, supports operational and commercial activities, and contributes to the effective delivery of products, services, and business objectives. Key Responsibilities Customer & Account Support * Act as a day-to-day contact for assigned customer accounts, providing excellent service and support. * Develop and maintain positive working relationships with customers, suppliers, and internal teams. * Support the Account Management team in managing customer relationships and ensuring customer satisfaction. * Respond to customer queries and requests in a timely and professional manner, escalating issues where appropriate. * Assist with customer review meetings by preparing reports, presentations, and relevant account information. * Support the onboarding of new customers and help coordinate account-specific requirements. * Maintain regular communication with customers to understand their needs and ensure a positive customer experience. Account Operations & Administration * Coordinate customer orders and support the smooth delivery of products and services. * Maintain accurate customer information, pricing records, and account data within internal systems. * Monitor key account performance metrics and assist in preparing customer reports. * Support the tracking of service levels and help identify trends or areas for improvement. * Work closely with Supply Chain, Finance, Quality, and Commercial teams to resolve customer issues efficiently. * Ensure all account activities are completed in line with company policies, quality standards, and customer requirements. * Assist with administrative tasks related to account management and customer support. Commercial & Business Support * Support the Sales and Account Management teams in delivering customer objectives. * Assist with pricing updates, customer presentations, business reviews, and commercial documentation. * Identify potential opportunities to improve customer service and highlight them to the wider team. * Develop an understanding of customer businesses, products, and market trends. * Contribute ideas to improve customer engagement and account performance. Candidate Requirements * Approximately 1 year's experience in a customer service, sales support, account management, administration, or client-facing role. * Previous experience within distribution, healthcare, pharmaceutical, logistics, or supply chain environments would be advantageous but not essential. * Strong customer service and relationship-building skills. * Good working knowledge of Microsoft Office, particularly Excel, Word, and PowerPoint. * Comfortable working with data and preparing reports. * Excellent organisational skills and attention to detail. * Ability to manage multiple tasks and meet deadlines in a fast-paced environment. * Strong communication skills, both written and verbal. * Positive attitude with a willingness to learn and develop professionally. * Ability to work collaboratively within a cross-functional team environment. Key Competencies * Strong customer focus and commitment to delivering excellent service. * Effective communication and interpersonal skills. * Good problem-solving and organisational abilities. * Attention to detail and accuracy. * Ability to prioritise workload and manage competing demands. * Team player with a collaborative approach. * Proactive and eager to learn. * Adaptable and resilient in a changing environment. * Basic commercial awareness and interest in developing account management skills. * Positive, professional, and customer-centric approach. **Uniphar Background** Uniphar Group is a rapidly expanding diversified healthcare services business with a global footprint and a proud heritage in Ireland. Since Uniphar became a publicly listed company in 2019, the Group has grown organically and through a series of strategic acquisitions, which continue to strengthen Uniphar’s international reach. With a workforce of more than 3,000 spread across Ireland, United Kingdom, Mainland Europe, MENA and the USA, Uniphar is a trusted global partner to pharma and medtech manufacturers, working to improve patient access to medicines and treatments around the world. Uniphar provides outsourced and specialised services to its clients, leveraging the strong relationships with 200+ of the world’s best known pharmaco-medical manufacturers across multiple geographies, enabled by our cutting-edge digital technology and our expert teams. Uniphar is organised into three key divisions: Uniphar Supply Chain & Retail, Uniphar Medtech and Uniphar Pharma **Uniphar Pharma** Pharma is a global division operating across US, Europe, APAC and MENA, bringing a range of pharma services to manufacturers across the product life cycle. We leverage this platform to provide unlicensed medicines, or medicines that are otherwise difficult to source. In addition, we commercialise launch and established brands to HCPs on behalf of pharmaceutical clients across the globe. The core to this division is providing equitable access to medicines globally. **Culture at Uniphar** From our leadership team and across all of our divisions, Uniphar lives and breathes four key culture pillars: * We have a People First approach, we do the right thing and take a stand for our people. * We foster a strong Entrepreneurial Spirit where Adaptability, Commitment & Resilience is embodied in our way of working. * We have a Common Purpose that connects our diversified businesses and people. * Finally, Trust is at the heart of how we operate. **How We’d Like To Work Together** As we are a global team, there is flexibility to be based in one of Uniphar’s offices or work from home. There may be a need for face to face meetings in other locations, as needed. There may also some flexibility required in order to interact with colleagues or clients in their time zones (i.e. it’s not a ‘9 to 5’ type of job). In return, you will be joining an environment that understands how inter-twined work and life have become - and both the benefits and challenges that brings - and therefore offers a flexible, progressive way of supporting it through our Hybrid Working philosophy. ***Please note that Uniphar is an equal-opportunity employer; we do not discriminate and welcome applications from all suitably qualified candidates. #uniphargroup***",https://www.linkedin.com/jobs/view/4476191272,True
Lighting Designer,BEX GROUP,"Dublin, County Dublin, Ireland",linkedin,"**Lighting Designer - Lighting and Electrification** **Role Overview** ***Lighting Design Engineer supporting sales and project delivery by creating CAD-based lighting designs, managing multiple projects, and providing technical and tendering support using tools like Relux or Dialux*** **Responsibilities** * Working with the Sales Team primarily, and other key stakeholders in the delivery of lighting design projects. * Review and interpret CAD files to create lighting designs that meet specification requirements * Deliver lighting designs as requested by the Sales Team within agreed timelines * Project Management, take ownership of lighting design projects allocated * Support the Sales team in the tendering process * Carry out a comparative analysis of ROBUS vs Competitor products through lighting designs and reports * Assist in technical support functions as business needs demand. **Required Skills** * Basic level of Lighting design experience using Relux or Dialux * Level 8 Technical Graduate in Engineering or Design. * Experience in working with CAD. * A self-starter with excellent communication and interpersonal skills. * Ability to work well in a team environment as well as being able to work individually. * Results focused, the ability to handle large volumes of data and to run multiple projects concurrently. * Persistent and diligent with a focus on attention to detail. * Assertive and dynamic with a willingness to learn and take on responsibility. **Preferred Skills** * Relevant experience in the lighting industry. * Completion of College modules linked to Lighting Design. * Understanding of building services. * Knowledge of BIM is preferred. * Proven track record of office and industrial lighting design. * Experience in working with CAD files to create suitable lighting designs. * Good working knowledge of lighting-related standards, schemes, and calculations. **Benefits** * 22 days holidays * Subsidised canteen onsite. * Pension scheme available (after 6 months). * Company laptop. * Bike to Work Scheme. * Social Activities.",https://www.linkedin.com/jobs/view/4474133842,True
Mechanical Estimator,Jones Engineering,Greater Dublin,linkedin,"**Mechanical Estimator - Damastown - 145384** **Position** : Mechanical Estimator. **Location** : Damastown, Dublin 15. **Company Description** We are a leading engineering services company with a proven track record of high quality, customer focused project delivery for over 130 years. Our core divisions include Mechanical Engineering, Electrical Engineering, Sprinkler and Fire Protection. Some of the other services we provide include Waste to Energy (BioEnergy), Specialist Lift, Off Site Fabrication, Technical Support Services, Maintenance, Asset Management, BIM (Building Information Modelling) and Geo-Surveying. We offer competitive salaries, financial support for further training, Continuous Professional Development (CPD) leading to chartered status, performance incentives and the ability to progress your career with a world class engineering contractor. **Job Description** We are currently recruiting for a Mechanical Estimator to be based in our Damastown office Dublin 15. This position is within Maintenance division of the group, so some understanding of mechanical equipment, materials, processes, materials etc. is important. Other important duties will include (but not limited to) * Tendering a variety of projects in Ireland, across a range of sectors * Involvement in full tender process from beginning to completion. * Site walks with construction team. * Conduct in-dept reviews of tender documents, drawings, specifications, schedules etc. * Liaising with relevant parties/supplies/subcontractors. * Evaluate, analyse & validate supplier and sub-contractor quotations. * Issue tender RFIs and review client response with Estimating Team. * Attend meetings and site visits are when required. **Skills and Requirements** * 1-2 years’ experience in a similar role. * Relevant Mechanical qualification. * Strong attention to detail and the ability to work well under pressure with strict deadlines. * Excellent communication and time management skills essential. * A strong analytical mindset with excellent negotiation skills and meticulous attention to detail. * Strong computer skills especially in the use of Excel/Google Sheets/etc. * Problem solving skills with attention to detail and multitasking abilities. **Applications** : Interested parties should apply here and/or mail colinodonnell@joneseng.com **Benefits** We offer a competitive salary package commensurate with experience and qualifications. In addition, you will have the opportunity to work in a dynamic and supportive environment, collaborating with industry leaders and contributing to a sustainable future. Our company values work-life balance and encourages professional growth through training and development programs. If you are ready to make a difference and be part of a growing industry, please submit your CV, along with a cover letter highlighting your relevant experience and why you are interested in this role. Recognising the contributions and respecting our people is core to our culture and values. We are an equal opportunities employer, and we encourage candidates from all backgrounds to apply for roles. Please note, we are currently not accepting applications from agencies, for this role currently.",https://www.linkedin.com/jobs/view/4451401594,True
"Medical Laboratory Assistant, Near Patient Testing (NPT)",Beaumont Hospital,"Dublin, County Dublin, Ireland",linkedin,"**Post Title:** Medical Laboratory Assistant-Near Patient Testing (NPT) **Post Status:** Permanent **Department** Laboratory; Point of Care **Location:** Beaumont Hospital & Affiliated Sites **Reports to:** Chief Medical Scientist or other nominated Officer **Salary:** Appointment will be made on MEDICAL LABORATORY AIDES scale (€42,033- €49,050) at a point in line with Government pay policy. **Hours of work:** Full time, 39 hours **Closing Date:** **12 Noon on 12/10/2026** **Please note the hospital reserves the right to close the competition early should a substantial number of applications be received.** **Responsibilities** **DUTIES:** The duties of the Medical Laboratory Assistant include appropriate duties assigned by the Chief Medical Scientist/appropriate Line Manager. The general duties include, but are not limited to: * To engage in training as appropriate. Engaging with all end users regarding information on initial and ongoing training and competency assessments. Booking staff into available training sessions. Admin duties, typing and record keeping required. * Physically updating operator training records and operator certifications on POCT middlewares as and when needed. Scanning and saving all training records and completing training excel logs. * Monitoring NPT email and phone for day to day operational queries. * Complete laboratory cleaning schedule. * Prepare equipment, and/or reagents as directed by the appropriate scientific Laboratory staff. * To repair equipment/hotswap equipment, as directed by the appropriate scientific Laboratory staff. This involves the use of Q-Pulse and NPT IT middlewares to audit trail the equipment movements and activity to maintain current equipment asset register. * To package and return faulty equipment to supplier as and when needed. This involves logging the issue/case with supplier and following instructions from supplier for shipment/ service visit. * To maintain an inventory of all equipment on Q-Pulse and EQA portals. * Receipt and correct storage of EQA samples. * To assist scientific staff with sample collection for initial and ongoing equipment/ IT verification studies. * Collection, delivery, decontamination, cleaning of laboratory equipment. * Monitoring of supplies, stocks and requesting stocks as appropriate. * Receipt and initial batch acceptance of consumables and reagent deliveries. Check, unpack, label and appropriately store deliveries. * Completing ward rounds and topping up stock where needed. * To raise initial internal non-conformances on Q-Pulse for broken/missing equipment for review by the departmental quality officer. * Perform Kelsius temperature checks to ensure that NPT probes are functioning as expected to ensure correct storage of stock. * Manage waste removal from the laboratory. * Monitor first aid, chemical spill kit and PPE supplies. * Scan batch acceptance forms and delivery dockets to Q-Pulse to promote green lab initiatives and keep the NPT lab as paperless as possible. * Perform preparatory scientific tasks as directed by scientific staff. * Compliance with ISO15189 standard during all activities carried out. NOTES: * The range of work allotted to Medical Laboratory Assistants is not exclusive to them and may, at any time, be performed by a member of the Scientific Laboratory Staff. * To perform such other duties appropriate to the post as may be assigned to him/her from time to time by the Chief Executive Officer or such other officer designated by the Beaumont Hospital Board. **Specific Duties** The specific duties for the post will be assigned by the head of the area to which they have been assigned. **Selection Criteria:** Selection criteria outline the qualifications, skills, knowledge and/or experience that the successful candidate would need to demonstrate for successful discharge of the responsibilities of the post. Applications will be assessed on the basis of how well candidates satisfy these criteria. **Qualifications** **Professional Qualifications, Experience, etc.** Each candidate, on the latest date for receiving completed application forms for the office, must have:- * Leaving certificate level education preferably with a Science subject or relevant experience. * Relevant experience and computer skills are highly desirable. **Health** Candidates for and any person holding the office must be fully competent and capable of undertaking the duties attached to the office and be in a state of health such as would indicate a reasonable prospect of ability to render regular and efficient service. **Character** **Candidates for and any person holding the office must be of good character.** If an appointee has previously been employed in the Civil or Public Service and that appointee is entitled to or in receipt of a pension from the Civil or Public Service or where a Civil/ Public Service pension comes into payment during the appointee’s re-employment that pension will be subject to abatement in accordance with Section 52 of the Public Service Pensions (Single Scheme and other Provisions) Act 2012. **Please note: In applying for this position you are acknowledging that you understand that the abatement provisions, where relevant, will apply. It is not envisaged that the employing Department/ Office/ Body will support an application for an abatement waiver in respect of appointments to this position** **Please be aware that Beaumont Hospital will never ask candidates to pay money at any stage of the recruitment process. Any requests for payment, bank details, or financial information in connection with a job application should be treated as fraudulent. If you receive such a request claiming to be from Beaumont Hospital, please do not respond and report to the recruitment department immediately** **Further Information for Candidates:** Supplementary information: The Hospital: www.beaumont.ie Management Unit: www.beaumont.ie/hr **Informal Enquiries ONLY to: (Please note NO APPLICATIONS will be accepted via the Informal Email)** Name: Gemma OBrien Title: Chief medical Scientist Email address: gemmaobrien@beaumont.ie",https://www.linkedin.com/jobs/view/4476101162,True
Night Bus Driver D Licence,Dalata Hotel Group,"Dublin, County Dublin, Ireland",linkedin,"**Night Bus Driver** You will receive training through our Dalata Academy to help you learn important skills. You will also meet experienced team members who can help you grow. At Dalata, we believe in promoting from within. If you work hard, you can have new opportunities in the future. Join us and be part of a friendly team! **Benefits** * Free employee meals on duty. * 50% Off F&B in all properties. * €/£60 employee rate on rooms for all Dalata-owned hotels. * 30% off the Friends & Family rate. * Extra AL day for every year worked (5 days to a maximum of 5 days). * Employee Assistance Programme. * Cycle to Work Scheme/Transport Schemes. * Pension access (Ask your HR Manager for local pension information). * Development Opportunities through our Dalata Academy- support your career journey. * Staff Appreciation Initiatives, fun team-building activities and regular charity events. **Your Job** * Ensure all guests receive a genuine, warm, friendly, courteous welcome on arrival and during their stay. * Assist customers who need assistance with any information that they require. * Ensure all guest queries are handled promptly and efficiently. * Drive the hotel bus. **What You’ll Need** * Must have a full, clean D Driving License. * Excellent communication skills and fluency in spoken and written English. * Can do attitude, drive and ambition a must. **About Us** Dalata Hotel Group – We bring *the heart of hospitality* to every hotel we own and operate. We see our growth and expansion plans as a way of spreading our unique way of caring for our guests further around the world, bringing better experiences to more people. Currently, the Dalata difference can be felt at each of our hotels in Ireland, the UK, Germany & the Netherlands, and we’ll keep expanding this further, focusing on key UK cities, Dublin and Continental Europe. Helping our people to grow and develop their careers is vitally important to us and is one of our highest priorities. We have many exciting and unique internal development programmes, each crafted to make sure our employees get the learning they need to be able to take the next step in their careers. Dalata Hotel Group is an Inclusive Employer. We actively encourage people from all backgrounds and abilities to apply to be part of our team. However, we understand everyone's needs are different; therefore, if you require any accommodations with this application process, please highlight your needs when you are completing your application process.",https://www.linkedin.com/jobs/view/4465209353,True
OTC Sales Assistant,McCabes Pharmacy,"Lucan and Pettycanon, South Dublin, Ireland",linkedin,,https://www.linkedin.com/jobs/view/4474956538,True
Operator with Turkish,Cognizant,"Dublin, County Dublin, Ireland",linkedin,"**Location** : Pinnacle 2, Eastpoint Business Park, Dublin 3 is D03 P580 **Working Model:** 100% Office Based **Working Time:** 24/7 rotation shift pattern, 7 days a week **Job Description** * Verify and review information as per policy and guidelines. * Follow all compliance and security measures relating to client data. * Take action on process changes and updates and handle the same with proper research. * Adhere to process quality metrics and strive to exceed the monthly/annual quality & productivity targets. * Adhere to process norms and structure. * Ability to gather information via outbound calls to businesses within specific country locations. * Ability to work with a high degree of accuracy. * Support users by reviewing / summarizing / completing various types of requests * Work with great attention to detail / content review. * Have an extensive exposure to customer service. * Work in a rapidly changing environment and with high profile tech/ evolving AI * Utilize MS Excel to analyze and interpret data for content operations. * Implement Generative AI technologies to enhance content creation and management processes. * Apply Gen AI technologies to improve user interaction and content accessibility. * Contribute to the overall success of the content operations team by sharing knowledge and best practices. * Collaborate with cross-functional teams to align content strategies with business objectives. **Application Criteria** * Availability to work rotating shift patterns over 7 days * Excellent communication skills and fluency in Turkish (and English). * Possessing Gen AI skills such as prompt engineering * Excellent attendance record * Excellent timekeeping * Ability to handle multiple tasks simultaneously * Exhibit excellent analytical and problem-solving skills. * Display strong communication and collaboration abilities. * Be detail-oriented with a focus on delivering high-quality work. * Have the ability to adapt to new technologies and tools quickly. * Show a proactive approach to learning and professional development. * Sense of ownership and pride in your performance and its impact on the team. * Experience in data analysis and reports (not mandatory) * Strong Team player **Benefits Include** * Attractive salary * Performance-based bonus scheme * Private Medical Insurance * Life assurance",https://www.linkedin.com/jobs/view/4465769792,True
Over night shift General Cleaners,The Wright Group,"Corballis, Fingal, Ireland",linkedin,"**Marqette, Dublin Airport** currently is looking Full Time **Over Night General Cleaners** to join the team. The hours of work will be 8pm - 6/7am Job involves cleaning ALL areas of Food hall - kitchen, dining area, floor, etc **The ideal candidate for this position will have:** Good communication skills A desire to provide a consistently high standard work The ability to multi-task Flexibility with regards to hours A good command of the English Language Impeccable self-presentation **Benefits package:** Competitive salary Meals on Duty Provision of internal and external training and development Discount in sister properties Employee Recognition Awards Discounted airport shopping **Marqette is an equal opportunities employer.** ***Employment is subject to Garda Vetting***",https://www.linkedin.com/jobs/view/4474696423,True
Pharmacy Technician,McCabes Pharmacy,"Dublin, County Dublin, Ireland",linkedin,"Pharmacy Technician - Ashleaf SC **Our people make the difference.** Here at PHX Ireland, we strive to be a place for everyone - where each and every one of us can be our true, authentic selves, every single day. For us, individuality sparks new ideas, shapes new approaches and brings us powerful new perspectives. It’s the heartbeat of our innovation, creativity, and success. Which is why, at PHX Ireland, we don’t just embrace our differences – we celebrate them. Across United Drug, McCabes Pharmacy, and TCP Homecare, in every location and every role, the way we work makes us who we are – and that’s something we are really proud of. Which is why we’ve summed up our ethos in our six PHX Ireland values; Customer focused, Quality driven, collaborative, ambitious, innovative, and inclusive. We currently have an exciting opportunity for a **Pharmacy Technician** to join our team in Ashleaf SC This is a permanent, full time position. ***It’s not just about medicines, it’s about the way you make people feel.*** **Why You'll Love Working With Us** 💼 We’ve got your back: employee assistance programme 🛍️ Perks you’ll actually use: Generous in store discounts 🌈 Belonging at Work: Inclusive, welcoming team culture where you’re valued for *you* . 👶 Family comes first: Life Stage Policies including maternity and paternity pay **What You’ll Be Doing** * Use your attention to detail: prepare and dispense prescriptions safely and accurately * Ensure compliance and efficiency: managing prescription records and monthly HSE PCRS claims * Support patients: offer helpful over-the-counter advice * Build strong relationships: provide friendly, expert service * Take ownership: manage dispensary stock, checking expiry dates, managing orders, and keeping things running smoothly * Show initiative: personal development, team projects, and new ideas **Essential Criteria:** **IPU Pharmacy Technician course or Higher Certificate in Pharmacy Technician Studies** **About McCabes Pharmacy** McCabes Pharmacy is one of Ireland's most loved Pharmacy providers, pioneering truly innovative services over the past 40 years. We are founded on values of compassionate care, advice you can trust, speedy service and excellent value for money. The patient and customer are truly at the heart of what we do. The teams that serve our customers are central to our organisation. Our commitment to our staff is to enable them to develop their careers and to have as many opportunities to be the best they can be. **About PHX Ireland & PHOENIX Group** We are comprised of United Drug, Ireland’s leading pharmaceutical wholesaler and distributor; McCabes Pharmacy, Ireland’s leading community pharmacy chain; and TCP Homecare, innovators in clinical home nursing services and direct to patient delivery solutions. PHX Ireland Group employs over 1,800 people, operates 5 distribution centres and pharmacies nationwide, delivering over 85 million packs to Irish pharmacies and hospitals and serving 500,000 patients each year. PHX Ireland is part of the PHOENIX group, Europe’s leading healthcare provider. Headquartered in Mannheim, Germany, the PHOENIX group brings together more than 48,000 employees from 29 countries, includes 223 pharmaceutical distribution sites, and more than 3200 owned pharmacies and 17000 partner pharmacies. ***We strive to foster an open and inclusive environment, embracing applications from individuals of all backgrounds. Our commitment lies in ensuring an accessible interview process for all candidates. If you require additional support or accommodations to attend an interview, we kindly encourage you to reach out to*** ***jobs@mccabespharmacy.ie***",https://www.linkedin.com/jobs/view/4438245747,True
QA Inspector,Mercury,"Leixlip, County Kildare, Ireland",linkedin,"QA Inspector, Leixlip, Co. Kildare Apply Now Mercury is the European leader in construction solutions. We build and manage complex engineering & construction projects for the world’s leading corporations. Our solutions help deliver technologies and life changing advancements that connect people, communities, and businesses, giving them the power to achieve incredible things. Our people have the courage to be innovative. Their determination and sharp focus enable us to deliver with certainty, time and time again. We deliver our clients’ visions through leading edge construction solutions across multiple sectors, including Enterprise Data Centres, Advanced Technology & Life Sciences, Hyperscale Data Centres, Fire Protection. At Mercury, it is our duty to encourage and back our people to realise their vision of themselves. We place them at the heart of what we do, providing challenging opportunities to develop within a great team in a supportive environment that allows them to reach their full potential. **Scope Of The Role** As a QA mechanical inspector you are required to help in the delivery of a zero defect / zero rework project. Our quality goal is “Zero snags at the time where the foreman announces that a system or part of a system in complete”. You are required to help deliver your department goals in a forward looking and controlled manner. **Key Responsibilities Of The Role** * Assist in the development of any project specific work procedures * Assist in the development of any project specific ITP’s. * Hold Quality Induction Workshops to promote awareness of the project specific requirements. * Conducts and records surveillance / in progress inspections of the Mechanical installations * Carry out interim installation line walks to ensure that the following are being carried out in accordance with the requirements of the relative specification. * Correct POC Identified * Latest drawings available * Supports installed as construction progresses * Labelling correct * Welding inspections carried out as required * Equipment installed as per P&ID * High point vents and low point drains installed as required * Correct bolt and gasket types being installed * Correct pipe shields installed as required * Assists in final inspections with the construction supervisors as required. * Complete system handover walks with the client. * Assists with collation of documentation for the Construction Handover dossiers (i.e., QCC dossiers). * Inspection frequency as attached in specific ITP’s. * Quality Reporting (internal to Mercury Engineering): **Essential Criteria For The Role** * A relevant Third Level or Professional Qualification * Ability to work well under pressure and within strict deadlines * Excellent communication skills * Good organisational and planning skills * Excellent work and personal ethics that include trustworthiness, commitment, and empathy * Confident, creative, and energetic approach to addressing all quality-related issues * Ability to produce quality written reports * Proficient in the use of MS Excel, MS Word, and MS PowerPoint ***Mercury is an equal opportunities employer*** **.** Apply Now",https://www.linkedin.com/jobs/view/4362086397,True
"Quality, Patient Safety and Risk Officer/Oifigeach Cáilíochta, Sábháilteachta Othar agus Riosca.",Incorporated Orthopaedic Hospital Of Ireland,"Dublin, D, IE",indeed,"**Position: Quality, Patient Safety and Risk Officer (Grade VII)** **Contract: Permanent** **Hours: 35 hours onsite** **Salary range: HSE Consolidated pay-scale (Current Applicable Scale)** **Reporting to: Chief Executive Officer** **Closing Date: 19 October 2026** **Purpose of the Role** To lead and support the development, delivery, and evaluation of comprehensive programmes of work in quality, patient safety, complaints, and integrated risk management. This includes overseeing clinical effectiveness, ensuring safety compliance, driving service improvements, and facilitating learning from service-user feedback across all operational pathways. **Post Specific Requirements** * A minimum level 7-degree professional qualification in a health-related area. * Significant experience of working in the Irish Health Services in a post that has involved quality and risk management as relevant to this role * Experience in risk, incident and complaint management * Experience of data measurement analysis and production of high-quality reports * Experience of managing and working collaboratively with multiple stakeholders * A proficiency in computer systems including Microsoft Word, Outlook, Power Point, Excel and NIMS. * Fluent command and understanding of the English language to include spoken and written word. **Desirable** * An academic award in Risk Management or Quality in Healthcare at Level 6 (or higher) on the Quality and Qualifications (QQI) framework or equivalent. **Organisational Context** Clontarf Hospital is a 160-bed Voluntary Hospital providing rehabilitation Services under Section 38 of the Health Act 2004 for Adults and Older Persons. At Clontarf Hospital, our committed, expert and compassionate staff provide excellent care to patients on their rehabilitation journey. Our goal is to work in partnership with patients, providing care that is tailored to their unique needs, empowering them to achieve their optimum level of independence at home and in their communities. The patient pathways include: * Older Persons Rehabilitation * Step-up beds and hospital avoidance pathways with the Integrated Care Team for Older Persons (ICPOP Team) * Specialist Rehabilitation Services including neuro-rehabilitation and rehabilitation after trauma for adults and older persons * Orthopaedic Rehabilitation The Hospital has close links with the Mater Hospital, Beaumont Hospital, The National Orthopaedic Hospital, HSE Services and our Community Partners. **PRINCIPAL DUTIES AND RESPONSIBILITIES** **Incident management** * Implement, oversee, and continuously optimise the Hospitals Incident Management System in strict alignment with national frameworks * Co-ordinate, lead, and participate actively in clinical and non-clinical incident reviews utilising formal Systems Analysis and Root Cause Analysis (RCA) methodologies. * Partner with frontline clinical and administrative departments to ensure that all local incidents are logged, escalated, and resolved in a timely, legally compliant, and professional manner. * Generate data-driven reports on clinical events and near-miss profiles using the National Incident Management System (NIMS). * Collate, synthesise, and present thematic trend analysis patterns stemming from hospital-wide incidents to the Executive Management Team and the Board of Governors. * Oversee the implementation of recommendations from both national and local Systems Analysis Reviews and report on progress to the Hospital QPS Committee and QSRM Board Committee. * Execute statutory reporting protocols, ensuring all applicable occurrences are directed to the State Claims Agency (SCA) and related regulatory authorities within required legislative windows. * Deliver support, professional guidance, and objective briefing to staff requested to provide statements or evidence for internal reviews, insurance claims, or the Coroners Court. * Oversee the systematic rollout of recommendations originating from both local and national Systems Analysis Reviews, auditing progress and reporting directly to the Hospital QPS Committee and the QSRM Board Committee. * Manage the Hospital Incident Oversight Group. * Prepare documentation for and represent Clontarf Hospital in the management of Coroner's cases **RISK MANAGEMENT** * Maintain an operational knowledge of current Irish medico-legal legislation, statutory mandates, and health codes governing Patient Services, Employer's Liability, and workplace environment safety. * Ensure local compliance with the Patient Safety (Notifiable Incidents and Open Disclosure) Act 2023, executing mandatory face-to-face open disclosures and managing regulatory communication workflows. * Deeply embed ethical clinical practice models and the statutory requirements of the Assisted Decision-Making (Capacity) Act 2015 into hospital systems, honouring patient will and preference parameters. * Champion an organisational 'Just Culture' built upon transparency, fairness, dignity, and individual mutual respect, eliminating barriers to reporting and safeguarding staff from blame. * Design, audit, and update the Corporate, Hospital, and Departmental Electronic Risk Registers, working collaboratively with managers to track and review active risk mitigation plans. * Review and update hospital Policies, Procedures, Protocols, and Guidelines (PPPGs) to reflect shifting statutory mandates and international evidence-based standards, offering advice on legal updates. * Provide risk management support, advice and regular awareness sessions to all hospital teams. **Quality Improvement and Audit** * Drive a culture of patient safety, clinical excellence, and service improvement across all wards, teams and departments in the Hospital. * Co-ordinate, embed, and monitor operational compliance with the HIQA National Standards for Safer Better Healthcare. * Lead and advise multidisciplinary teams in the execution of Quality Improvement (QI) projects, utilising established improvement methodologies. * Provide support to Hospital Accreditation cycles. * To attend and participate and lead on committee and governance meetings, including the Hospital Quality and Patient Safety Committee, working groups, and/or process improvement teams as required. * To assist in mechanisms to obtain patient feedback and in disseminating the learning from such feedback including the Hospital Patient Experience Survey and other surveys. * Coordinate and participate in audit as required including audits emerging from review and trend recommendations. * To deliver and participate in training programmes for Hospital staff on the Quality and Risk Management agenda. * Co-ordinate Quality Improvement Programmes for departments and individuals to ensure the overall objectives and standards of the Quality and Safety Executive are achieved and maintained. **COMPLAINTS MANAGEMENT** * Deliver a supportive environment for service users, families, and patient advocates highlighting feedback or concerns regarding care experiences. * Act as the designated Complaints Officer for the hospital, managing all incoming formal comments, complaints, and compliments in strict compliance with the Hospital's Complaints Management Policy and the statutory HSE 'Your Service Your Say' Framework. * Execute Stage 2 complaint investigations, compiling official findings and drafting statutory written resolutions within required public sector timelines. * Ensure all investigative logs and sensitive consumer records adhere strictly to the Data Protection Act 2018 (GDPR) and the Freedom of Information Act 2014. * Provide oversight and data on all feedback, comments, complaints and compliments received by the hospital **LEARNING AND EDUCATION** * Promote and support a learning and continuous improvement culture across the Hospital * Lead, attend and participate in relevant staff development programmes on an ongoing basis * Lead and assist in the training of colleagues as required. * Identify training and professional development requirements across the Hospital **COMPETENCIES** **LEADERSHIP, TEAMWORK AND WORKING WITH MULTIPLE INTERNAL AND EXTERNAL STAKEHOLDERS** * Inspires commitment from a range of teams, brings complex matters to conclusion, regularly demonstrates unique insight and is an effective decision maker. * Have the ability to work on own initiative, be approachable and available for advice and support. * Motivates others individually and in teams to deliver high-quality work and develops effective and productive workplace relationships. * Maintains absolute focus, provides clarity and advice on all matters related to Quality, Patient Safety and Risk Management. * Demonstrates commitment to professional development. * Excellent evaluation, decision making, organisational and time management skills with the ability to work to deadlines. * Leads by example in terms of commitment, flexibility and a strong patient service ethos to achieve desired outcomes. * Harnesses resources to deliver on longer-term goals, manages resistance and setbacks as they arise. * Gathers information from enough sources and other people to make well-informed decisions. * Recognises when it is appropriate to refer issues to senior management. * Effectively introduces change, fosters a culture of creativity in employees and overcomes resistance to change. * Demonstrates flexibility and an openness to change and keeps abreast of relevant new regulations, laws and policies. * Good communication and team working capability, and an ability to take necessary actions and responsibility for the same. * Assist the Executive Management Team in achieving the hospitals strategic objectives as it relates to Quality, Patient Safety and Risk Management. **COMMUNICATION** * Demonstrate excellent interpersonal and communicative skills across all clinical, administrative, and executive groups. * Develop quarterly Quality and Patient Safety Performance reports directly to the Chief Executive Officer and the Board of Governors. * Establish and maintain effective communication networks within the wards and with all departments within the Hospital. * Maintain effective liaison with external stakeholders including the the HSE Quality Teams, other relevant HSE personnel, States Claims Agency, HIQA, Coroners Office and all other relevant external stakeholders **Data Analysis and Reporting** * Collate and analyse data for the hospitals management performance reports and the board performance report * To use data and evidence to monitor service quality and assess against key performance indicators * Facilitate, develop and support the implementation of bench marking, together with other appropriate review monitoring methodologies to enable staff assess the effectiveness of service delivery * To attend and participate in committee meetings, working groups, and/or process improvement teams as required. * To use data and evidence to monitor and promote service quality. **Planning and Organising** * Organisational and time management skills to meet objectives within agreed timeframes and achieve quality results. * The capability to improve efficiency within the working environment and the ability to evolve and adapt to a rapidly changing environment. * The ability to work to tight deadlines and operate effectively with multiple competing priorities. * A capacity to operate in a challenging operational environment while adhering to quality standards. **Appointment** * Remuneration is in accordance with the Department of Health Consolidated Salary Scales, grade code 0582 * The annual leave entitlement is 30 working days per year. * Normal working hours are 35 worked over 5 days. **CONFIDENTIALITY** In the course of your employment you may have access to, or hear information concerning, the medical or personal affairs of patients and/or staff, or other health service business. Such records and information are strictly confidential and, unless acting on the instructions of an authorised officer, on no account must information concerning staff, patients or other health service business be divulged or discussed except in the performance of normal duty. In addition, records must never be left in such a manner that unauthorised persons can obtain access to them and must be left in safe custody when no longer required. **The above role profile is not intended to be a comprehensive list of all duties involved and consequently the post holder may be required to perform other duties as appropriate to the post which may be assigned to him/her from time to time and to contribute to the development of the post while in office. This role profile will be subject to review in light of changing circumstances.** **Garda Clearance** Arrangements have been introduced, on a national level, for the provision of Garda Clearance in respect of candidates for employment in areas of the Health Services, where it is envisaged that potential employees would have substantial access to children or vulnerable individuals. Each candidate will be required to complete a Garda Clearance form. **Infection Control** Have a working knowledge of Health Information and Quality Authority (HIQA) Standards as they apply to the role, for example, Standards for Healthcare, National Standards for the Prevention and Control of Healthcare Associated Infections, Hygiene Standards etc. and comply with associated HSE and Hospital protocols for implementing and maintaining these standards as appropriate to the role. **Benefits and Opportunities** * Supportive, inclusive and collegial working environment that values staff wellbeing and mutual respect * Opportunity to gain broad and meaningful clinical experience across a diverse range of rehabilitation cases, supporting both professional confidence and career development * Strong collaborative working within a multidisciplinary team, promoting shared learning and best practice * Active support for Post-Graduate Education and Continuous Professional Development, with a strong emphasis on ongoing learning and professional growth * Flexible working arrangements, where possible, to support worklife balance * Access to free on-site car parking * Subsidised staff canteen * Membership of a public sector pension scheme * Access to Occupational Health Services * Staff support and counselling services, reflecting our commitment to employee wellbeing and psychological safety **OTHER REQUIREMENTS SPECIFIC TO THE POST** **The post holder may be required to perform other duties as appropriate to the post, which may be assigned to him/her from time to time, and to contribute to the development of the post while in office.** **This job description will be subject to review in the light of changing circumstances.** **It is not intended to be exhaustive but should be regarded as providing guidelines within which individuals work.** **The duties and responsibilities detailed above reflect the present service requirements and may be subject to review and amendment to meet the changing needs of the service.** Short listing may be carried out on the basis of information supplied in your Application Form. The criteria for short listing are based on the requirements of the post as outlined in the eligibility criteria and skills, competencies and/or knowledge section of this job specification. Therefore, it is very important that all experience is outlined in light of those requirements. **Failure to include information regarding these requirements may result in you not being called forward to the next stage of the selection process.** **Please note this competition can be closed early in the event of large volume of applicants.**",https://ie.indeed.com/viewjob?jk=7275d6e3213e9725,True
Quantitative Analyst I,Fanatics,"Dublin, County Dublin, Ireland",linkedin,"**About Us** Fanatics is building a leading global digital sports platform. We ignite the passions of global sports fans and maximize the presence and reach for our hundreds of sports partners globally by offering products and services across Fanatics Commerce, Fanatics Collectibles, and Fanatics Betting & Gaming, allowing sports fans to Buy, Collect, and Bet. Through the Fanatics platform, sports fans can buy licensed fan gear, jerseys, lifestyle and streetwear products, headwear, and hardgoods; collect physical and digital trading cards, sports memorabilia, and other digital assets; and bet as the company builds its Sportsbook and iGaming platform. Fanatics has an established database of over 100 million global sports fans; a global partner network with approximately 900 sports properties, including major national and international professional sports leagues, players associations, teams, colleges, college conferences and retail partners, 2,500 athletes and celebrities, and 200 exclusive athletes; and over 2,000 retail locations, including its Lids retail stores. Our more than 22,000 employees are committed to relentlessly enhancing the fan experience and delighting sports fans globally. **Quantitative Analyst** As a Quantitative Analyst, you’ll operate at the intersection of sports trading, mathematics, and data science. Your primary focus will be on analyzing sport & betting data, developing predictive models, and assisting with trading decisions. You’ll collaborate with senior quants, traders, engineers and product managers to continuously improve pricing efficiency and expand the range of betting odds generated by our proprietary trading platform and continuously improve our risk models & management strategy. You will apply mathematical and statistical techniques to solve complex problems. It is an exciting opportunity for professional development in a dynamic and fast-paced environment. This is a hybrid role, requiring 2-5 days per week in our Dublin, Ireland office. No Visa sponsorship available. **Experience** While junior roles often don’t require extensive experience, any exposure to financial markets, data analysis, or quantitative research is beneficial. Internships or coursework related to quantitative finance or numerical modeling are a plus. **Responsibilities** As a Quantitative Analyst, your responsibilities will include * Model Development + Assist in the development, implementation, training and testing of mathematical models for pricing & managing the risk of sport betting events. * Data Sourcing & Analysis + Collect and clean sports-related data, + Analyze large datasets of play by play (simulated or historical) and betting data to identify patterns, trends, and correlations that can inform trading strategies. * Programming + Use programming languages such as C# or Python to develop quantitative models, code and automate analytical processes, and perform data analysis tasks. * Collaboration + Collaborate with senior quantitative analysts, traders & product managers to understand business requirements, implement solutions, and communicate findings effectively + Document and maintain clear and concise documentation of quantitative models, methodologies and analysis procedures for internal reference * Continuous Learning + Stay abreast of developments in quantitative analysis & betting markets, and related fields through self-study & training **Qualifications** * Bachelor's or Master's degree in Mathematics, Statistics, Computer Science, Finance, Economics, or a related quantitative field. * Outstanding mathematical, statistical and analytical skills. * Excellent work ethic and good team skills * Detail-oriented mindset with a commitment to producing high-quality work and adhering to best practices in quantitative analysis and research. * Strong understanding of more advanced machine learning techniques is a plus * Proficiency in at least one programming languages such as Python, C#, R, or C++ is a plus *Salary range is listed in USD; ranges will change based on country and state of residence, which are reflected in Geographical Zones defined by Fanatics Betting and Gaming. \*Salary Range: (EURO) 44,000 - 52,000 (Salary range incorporates all of our Geographical Compensation Zones and is subject to change as the Zone associated with the actual Offer is confirmed). In addition to the base and bonus, full-time employment, and more. For information about our benefits, please visit* https://benefitsatfanatics.com/ Depending on the role, your interview and onboarding experience may include in-person components, such as onsite interviews or Launching into Better: LIVE—a multi-day cultural immersion in New York City for full-time, non-seasonal hires. These sessions are designed to build connection and bring our culture to life, though specific travel and participation requirements will be confirmed based on your role and location. Your recruiter will provide clear guidance at each stage of the process. For information about our benefits, please visit https://benefitsatfanatics.com/ Ranges will change based on country and state of residence, which are reflected in Geographical Zones defined by Fanatics Betting and Gaming. The range incorporates all of our Geographical Compensation Zones and is subject to change as the Zone associated with the actual offer is confirmed. In addition to the base and bonus, full-time employment, and more. For information about our benefits, please visit https://benefitsatfanatics.com/ Salary Range €44.000 - €52.000 EUR By submitting your application, you agree to our terms of service and acknowledge you have read our Candidate Privacy Policy. *Fanatics will never ask candidates for money, banking information, or other sensitive personal information as part of the interview process. If you receive a suspicious message claiming to be from Fanatics recruiting, please do not respond and report it* *here* *.*",https://www.linkedin.com/jobs/view/4473697299,True
Recruitment Consultant,Robert Half,"Dublin, County Dublin, Ireland",linkedin,"**Recruitment Consultant – Robert Half Dublin** **Join Our Growing Team in Dublin!** Are you looking to launch an exciting career in recruitment with a globally recognised leader in the industry? Robert Half, founded in 1948, is the world’s largest specialised talent solutions and business consulting firm, with an exceptional track record of bringing great companies and skilled professionals together. As part of our expansion into Ireland, we’re seeking passionate and motivated individuals to join our new and growing Dublin office as a Recruitment Consultant. **Who We Are** Although our Dublin office is new and rapidly growing, Robert Half’s reputation precedes us. With an extensive global network and a strong presence across the US and internationally, we work with businesses of every size and industry. Many of our established clients already have operations in Ireland (or are expanding here), creating a fantastic opportunity for you to work with internationally connected organisations right from Dublin. **Your Role as a Recruitment Consultant** In this role, you’ll have the chance to connect talented professionals with Ireland's exciting business opportunities. You’ll be responsible for: * Building and maintaining strong relationships with businesses across multiple industries. * Partnering with companies to understand their hiring needs and providing tailored talent solutions. * Sourcing and attracting top talent through a variety of methods, including job postings, networking, and leveraging our extensive global database. * Providing first-class customer service to both clients and candidates, delivering consistent, high-quality recruitment outcomes. * Developing a deep understanding of the Irish job market, while leveraging our international reputation and expertise. **What We’re Looking For** This is the ideal opportunity for someone with little to no previous recruitment experience who is ready to learn, grow, and thrive as part of a world-class team. We are looking for someone who is: * Motivated, ambitious, and eager to build a successful career in recruitment. * An excellent communicator with the ability to build lasting relationships with clients and candidates. * A quick learner who is adaptable and open to embracing new challenges. * Collaborative and team-oriented, with the desire to contribute to the growth of our Dublin office. * Previous experience in a sales, client-facing, or recruitment-related role is a plus, but not required! **Why Join Robert Half?** Working at Robert Half means being part of a supportive and ethical company culture that prioritises your growth and success: * **Global expertise, local focus:** You’ll work in a new, dynamic Dublin office backed by the scale and resources of a global leader. * **Ongoing training & support:** We offer robust training programs and will provide you with all the tools you need to make an impact. * **Career progression:** With a global network of offices, opportunities for advancement are virtually limitless. * **Recognition & rewards:** We offer a competitive base salary, as well as an attractive commission structure and bonus potential. * **Make a difference:** Help connect great companies with talented individuals, playing a pivotal role in their success.",https://www.linkedin.com/jobs/view/4474287943,True
Renewable Energy Engineer (Graduate),Renewable Careers,"Dublin, County Dublin, Ireland",linkedin,"**Renewable Energy Engineer (Graduate)** **Location:** Dublin (hybrid) **Salary:** €50,000 - €60,000, depending on experience **Type:** Full-time, permanent **About us** We are a clean energy company that develops, builds, owns and operates renewable projects across the island of Ireland. Our growing portfolio spans onshore wind, solar and battery energy storage (BESS), and as a long-term owner we stay with every project from the first feasibility study through years of operation. Ireland has some of the best wind resources in Europe and ambitious targets for the decade ahead, and our Dublin team is growing to meet them. **What you will do** You will support engineering across our project pipeline, learning from experienced engineers while taking on real responsibility from the start. Your work will include: * Supporting engineering design and technical reviews for wind, solar and BESS projects at every stage * Preparing energy yield assessments, site evaluations and technical due diligence * Assisting with grid connection applications and coordination with EirGrid and ESB Networks processes * Reviewing technical submittals from EPC contractors, consultants and equipment suppliers * Supporting construction and commissioning, with travel to project sites across Ireland * Analysing performance data from our operating assets and recommending improvements * Contributing to the tools, templates and standards our engineering team relies on **What we are looking for** * A degree (2.1 or above) in electrical, mechanical, civil or environmental engineering, or a related field * A genuine interest in renewable energy and Ireland's energy transition * Strong analytical ability and comfort working with data and spreadsheets * Clear written and verbal communication, with the ability to make technical topics simple * Initiative and curiosity: you take ownership, ask good questions and learn quickly * The right to work in Ireland * Internships, placements or project experience in energy are an advantage but not essential. We hire for aptitude and attitude, and we invest in developing our engineers. **What we offer** * €50,000 - €60,000 starting salary, depending on experience * Hybrid working from our Dublin office * A structured development path with mentorship from senior engineers * Hands-on exposure to the full project lifecycle across three technologies * Pension contributions, generous annual leave and wellbeing support * Support for professional development, including your pathway to Chartered Engineer with Engineers Ireland * The chance to grow with a company building and operating real clean energy assets **How to apply** Apply with your CV and a short note on why this role interests you. Applications are reviewed on a rolling basis. * We are an equal opportunities employer committed to building a diverse and inclusive team, and we welcome applications from people of all backgrounds. Reasonable accommodations are available on request at any stage of the recruitment process.",https://www.linkedin.com/jobs/view/4475854584,True
"Representative, Money Movement",Fidelity Investments,"Dublin, County Dublin, Ireland",linkedin,"**Job Description** **Working Hours: 7:00-15:30** **Company Overview** At Fidelity, we help 23 million people invest their life savings, 20,000 businesses handle their employee benefits programs and 10,000 advisors and institutions needing innovative technology solutions to invest their clients’ money. To do this well, we place a high degree of value in encouraging a work environment that attracts the best talent and reflects our commitment to be an employer of choice. Fidelity established its Ireland presence in 1996 and we currently employ over 1000 employees across IT and Operations & Corporate Shared Services, with offices in Dublin (Citywest) and Galway (Parkmore East). The successful candidate will work within an exciting, fast-paced and growing operations environment. Fidelity is a privately-owned company, committed to innovation and to providing the best customer experience in financial services. The **Expertise** We’re Looking For * 0-2 years’ experience, preferably within financial services and/or a shared service model The **Purpose** of Your Role The ARS Money Movement team is responsible for the accurate and timely processing of requests such as; reregistration and maintenance of accounts due to life events and date of death valuation of accounts. Representatives must gain a working knowledge of several Fidelity processing and workflow systems in order to accurately interpret and action the transaction requests. The **Skills** You Bring * Your ability to quickly coordinate and prioritize multiple tasks * Your ability to take initiative and to work under tight deadlines in a dynamic team environment * Be analytical and possess good problem-solving skills while maintaining good attention to detail * Be technically oriented, with strong MS Office/PC skills * Have excellent written and verbal communication and social skills * Be motivated and show desire to learn about the business and new technologies The **Value** You Deliver * By analyzing and actioning complex transactions involving legal requirements, you provide a valuable service to our customers, and help to maintain the firm’s reputation for quality * The relationships that you establish with our US business partners will help ensure adherence to Operations policies and procedures, and will improve the reputation of the Account Maintenance team in Ireland * Prioritizing and handling critical issues/exceptions that are received from customer and the teams’ business partners * Act as a consultant, analyzing and reviewing court documents on behalf of risk and legal to allow access to investor accounts * Participating in various projects and operational improvement initiatives focused on improving the existing workflow, quality, efficiency and policy & procedures How Your Work **Impacts** the Organization Operations and Services Group (OSG) is a division of Fidelity Institutional and provides superior customer service to Fidelity businesses through innovation, dedication and commitment to quality. In operating offices across the US and in Ireland, OSG plays a critical role by processing every transaction into Fidelity and out to customers through the brokerage platform. OSG provides securities execution, clearance, and risk management services to retail, institutional, and correspondent clients. Fidelity Investments is an equal opportunity employer **Category** Brokerage Operations",https://www.linkedin.com/jobs/view/4476301288,True
Reservations Agent,Ashling Hotel Dublin,"Dublin 8, County Dublin, Ireland",linkedin,"**Company Description** Ashling Hotel Dublin is an international award-winning 4-star hotel located in Dublin 8, adjacent to Heuston Station and on the Luas red line, offering excellent access to the city center and major attractions. The hotel features 226 well-appointed bedrooms, a 180-seater restaurant, Chesterfields Brasserie, the Iveagh Bar, and extensive meeting and conference facilities for up to 220 delegates. Known for a genuinely warm welcome, friendly professional staff, and a strategic location, Ashling Hotel provides a relaxed and enjoyable experience for guests traveling for business or leisure. Its proximity to the National Museum of Ireland, Guinness Storehouse, Phoenix Park, and Dublin Zoo makes it a popular choice for visitors seeking both comfort and convenience. **Role Description** The Reservations Agent is a full-time on-site role based at Ashling Hotel Dublin in Dublin 8. The person in this role will handle incoming reservation inquiries by phone, email, and online channels, providing accurate information on room types, rates, packages, and availability. Day-to-day tasks include processing bookings, amendments, and cancellations, ensuring all details are correctly recorded in the reservations system, and maximizing occupancy and revenue through effective upselling. The Reservations Agent will liaise with reception, sales, and other hotel departments to ensure smooth guest arrivals and departures, and will respond to guest queries in a timely, courteous, and professional manner. The role also involves maintaining high standards of customer service, following hotel procedures, and supporting reception with guest-related administrative tasks as required. **Qualifications** Previous * reservations and booking management skills including experience using Opera Cloud is an advantage. * Candidates should possess excellent phone etiquette and communication skills, with a professional and clear manner in spoken and written English. * Candidates should possess customer service skills focused on delivering a welcoming, efficient, and solution-oriented experience for guests. * Strong attention to detail, organizational skills, and the ability to manage multiple tasks in a fast-paced setting are important. * Comfort with basic computer applications and learning new systems is required. * Flexibility to work a variety of shifts, including weekends and holidays, as business needs require.",https://www.linkedin.com/jobs/view/4474068143,True
Retail Shopper,Eurofins,"Dublin, County Dublin, Ireland",linkedin,"**Eurofins Scientific is an international life sciences company, providing a unique range of analytical testing services to clients across multiple industries, to make life and our environment safer, healthier and more sustainable. From the food you eat, to the water you drink, to the medicines you rely on, Eurofins laboratories work with the biggest companies in the world to ensure the products they supply are safe, their ingredients are authentic, and labelling is accurate.** **The Eurofins network is dedicated to delivering testing services that contribute to the health and safety of society and the planet, and to its corporate responsibility to protect the environment and ensure diversity, equity, and inclusion across its companies around the world.** **If you want to continue to help make our world a safer and healthier place, then apply for the role below and become a part of the extraordinary Eurofins network.** **Job Description** The purpose of this role is to deliver improved and consistent customer service through the planning and execution of shopping programmes, the safe collection and transportation of products and samples, and the provision of administrative and operational support within the Service Centre, including sample receipt, registration and accessioning activities. **This is a full time role working Monday to Friday - Monday, Tuesday, Thursday and Friday 09:00 - 17:15 and 09:00 - 17:30 on Wednesdays.** * To collect products / samples from customers, supermarkets in a timely, efficient and customer friendly manner. * Ensure that all customer products / samples are correctly identified, handled, stored and transported under suitable conditions and at the appropriate temperature maintaining sample integrity and preventing contamination or cross-contamination. * Plan and organise daily shopping activities to ensure the efficient completion of shopping programmes, maximise productivity while undertaking retailer visits and ensure the timely return of samples to the laboratory. * Identify and escalate any unavailable, discontinued or substituted products that may impact customer shopping programmes. * Responsible for returning of products / samples, sorting them and ensuring that the correct information is recorded onto LIMS system for samples that are to be analysed within Eurofins network of Laboratories. * Undertake general administration duties including photocopying, data entry etc. * To be accountable for customer satisfaction, notably through ensuring good reporting turnaround times and a rapid follow up of customer communications. * Be aware of, and communicate to managers, any issues that might affect customers. * Assist with sample disposal and general cleaning and maintenance. * Cross-train in sample receipt, sample registration and sample accessioning activities to provide operational support in these areas. * Export system generated shopping lists to Excel prior to scheduled shopping activities, ensuring the most up to date shopping schedule is used. * Maintain segregation of samples and products throughout collection, transport, storage and registration activities to preserve sample integrity and traceability. * Responsible for handling customer enquiries as appropriate via telephone and e-mail. * Participate in the training programme, undergoing further training as required and participating in schemes to ensure on-going competence * Additional duties as required to fulfil the requirements and demands of the Service Centre. * To maintain the company vehicle at a suitable standard including cleanliness, appearance, tyres, oil and overall maintenance. Any problems with the vehicle should be notified to management immediately. * It is the responsibility of this person to drive within all legal requirements and any endorsements received outside the legal requirements will be the responsibility of the driver themselves. **Qualifications** * A clean driving license with no previous endorsements is preferred. * Proficient on Microsoft Office programmes. * Excellent communication skills both verbal and written. * A pleasant and friendly disposition. * Self-motivated and professional team player. * Excellent attention to detail. * Ability to multi-task, prioritize, organise and co-ordinate your own workload. ******Additional Information****** **As a Eurofins employee you will benefit from:** * On successful completion of probation – Healthcare will be covered by company. * Pension contribution on commencement of employment – 2% [employer / employee contribution] and once probation is passed employee can increase contribution to 5% [er/ee] * Discretionary Annual Performance related bonus, based on employee and company performance. * Annual leave days 22 days. * Service days accrued based on service * Life Assurance from Day one of employment * Educational assistance policy * Income Protection **What Happens Next** Our people are the backbone of what we do, so it's incredibly important we find the right individuals to join us. As a potential new recruit you'll be invited to meet the team in the form of an assessment centre or a staged interview process dependent on the role and it's requirements, this will give you the opportunity to see what working for Eurofins is really like and enable us to get you know your key skills and strengths. **Your data** As part of any recruitment process, the company collects and processes personal data relating to job applicants. The company is committed to being transparent about how it collects and uses that data and to meeting its data protection obligations. **Closing Date** We reserve the right to close or extend this position depending on application numbers. Therefore we would urge candidates to submit an application as early as possible. Due to the high volume of applications we receive please be aware that if you do not receive a response within 4 weeks of the vacancy expiry date unfortunately, on this occasion your application has been unsuccessful. **We support your development!** Do you feel you don’t match 100% of the requirements? Don’t hesitate to apply anyway! Eurofins companies are committed to supporting your career development. **We embrace diversity!** Eurofins network of companies believe in strength and innovation through diversity, being an Equal Opportunity Employer . We prohibit discrimination against employees or applications based on gender identity and/or expression, race, nationality, age, religion, sexual orientation, disability, and everything else that makes employees of Eurofins companies unique.",https://www.linkedin.com/jobs/view/4476300611,True
Rigid Driver,HANNON Transport Ltd.,"Lusk, Fingal, Ireland",linkedin,"**RIGID DRIVERS - NORTH DUBLIN** **Join HANNON as We Continue to Expand** Due to continued growth and expansion, **HANNON is recruiting Rigid Drivers to join our team in North Dublin** . We are looking for professional, reliable drivers who take pride in their work and want to join an established and growing transport operation. **The Role** The position involves rigid vehicle driving and customer deliveries throughout the Dublin area and surrounding regions. Typical start times are between **6:00am and 9:00am** , with shifts averaging approximately **11 hours** . Experience operating a **tail lift** would be an advantage, but it is **not essential** , as training can be provided. **What We Offer** * Competitive pay package * Meal allowance * Modern, well-maintained vehicles * New state-of-the-art driver facilities * Full company induction and driver training * Support from an experienced transport and driver training team * Stable work with an established transport company * Opportunities within a growing business **What We Are Looking For** Applicants should: * Hold a valid Category C / Rigid HGV licence * Hold a valid Driver CPC / Driver Qualification Card * Hold a valid Digital Tachograph Card * Have a professional and safety-focused approach to driving * Be reliable and comfortable dealing with customers * Be able to work independently and as part of the wider transport team **Previous rigid driving experience is not required; full training will be provided.** **Tail lift experience is an advantage but is not required.** **Why HANNON?** HANNON continues to invest in our fleet, our facilities and our people. Our new driver facilities in North Dublin have been designed to provide drivers with a modern and professional working environment, while our training and transport teams are there to support drivers throughout their employment. If you are an experienced rigid driver - or a professional driver looking for your next opportunity - we would like to hear from you. **Apply Today** Apply through our website and a member of the HANNON team will contact suitable applicants. **HANNON** **North Dublin**",https://www.linkedin.com/jobs/view/4474636013,True
Road Safety Engineer,Local Government Jobs Ireland,"Wicklow, WW, IE",indeed,"Professional and Technical Road Safety Engineer €60,858.00 - €84,596.00 gross per annum (includes 2nd LSI) Advertised Date: 06 Oct 2026 Annual Salary Wicklow Permanent Closing Date: 22 Oct 2026, 12:00 PM **Job Summary** --------------- The **Road Safety Engineer** position is an engineering-focused role responsible for the identification, development, design, delivery, monitoring and evaluation of road safety engineering measures and programmes. The post holder shall be responsible for the technical and engineering functions associated with road safety infrastructure, collision analysis, scheme development, road safety audits, inspections and the management of the DOT and TII road safety programmes. **QUALIFICATIONS** ================== **Education, Experience, etc.** Candidates must, on the latest date for receipt of completed application forms: (a) (i) hold at least an ordinary bachelor’s degree (level 7 or higher on the National Framework of Qualifications (NFQ)) in Engineering **\***; **OR** (ii) hold an ordinary bachelor’s degree (level 7 or higher on the National Framework of Qualifications (NFQ)) **and** a post graduate master’s degree (level 9 in the NFQ) in Engineering: **OR** (iii) hold a master’s degree (level 9 in the National framework of Qualifications) in Engineering attained after completing an integrated masters level programme of at least 4 years duration and which is accredited at CEng level by Engineers Ireland or an equivalent accreditation body internationally. (b) have at least five years satisfactory relevant engineering experience. (d) possess a high standard of technical training and experience. (e) possess a high standard of administrative experience. (f) have a satisfactory knowledge of Public Service Organisation or the ability to acquire such knowledge Application forms and further particulars including qualifications, duties and competencies for this post are available on our website at http://www.wicklow.ie The holder of the office will be required to hold a valid Irish/EU full driving licence for class B vehicles or a licence acceptable to NDLS for exchange, free from endorsement and disqualification **Employer Details** -------------------- * Wicklow County Council **Contact Details** ------------------- Human Resources Department Wicklow County Council Wicklow Town Co. Wicklow A67 FW96 0404-20100 wccrecruitment@wicklowcoco.ie",https://ie.indeed.com/viewjob?jk=494ae0aadad1f0b6,True
Sales & marketing assistant,Bodylite Gear,"Carlow, County Carlow, Ireland",linkedin,,https://www.linkedin.com/jobs/view/4476191933,True
Sales Assistant,Centra,"Naas, County Kildare, Ireland",linkedin,"**Job Ref** 54572 **Job Title** Sales Assistant **Job Type** Full time Location: Hazelmere, Naas, Co Kildare **Salary** On Application **Closing Date For Applications** 14-10-2026 **Job Description** **Main purpose of the role:** Responsible for ensuring customer satisfaction is the number one priority. Interact with each customer with great pride, passion and care and inspire shoppers through knowledge and expertise. **The Ideal Candidate Will Have/be** * Excellent communication skills * Ability to engage with and prioritise customer needs * Strong attention to detail, organised and flexible * Ability to use own initiative and work as part of a team in a fast-paced environment * Customer driven * Previous customer service experience is an advantage. **Main duties:** * Actively live Centra brand-values i.e. Proud, Energetic, Imaginative and Community-Based * Show a positive attitude and take responsibility for ensuring customers receive an excellent shopping experience * Deal with all customer queries efficiently, professionally and consistent with store policy * Merchandise shelves, ensuring that all areas of the store are presented to the highest standard * Engage with new initiatives and embrace new ways of working. Please note that the start and finish times stated are only an approximate Apply",https://www.linkedin.com/jobs/view/4474695214,True
Sales Assistant,Centra,"Dublin, County Dublin, Ireland",linkedin,"**Job Ref** 54499 **Job Title** Sales Assistant **Job Type** Full time Location: CLONGRIFFIN, DUBLIN 13 **Salary** On Application **Closing Date For Applications** 09-10-2026 **Job Description** **Main purpose of the role:** Responsible for ensuring customer satisfaction is the number one priority. Interact with each customer with great pride, passion and care and inspire shoppers through knowledge and expertise. **The Ideal Candidate Will Have/be** * Excellent communication skills * Ability to engage with and prioritise customer needs * Strong attention to detail, organised and flexible * Ability to use own initiative and work as part of a team in a fast-paced environment * Customer driven * Previous customer service experience is an advantage. **Main duties:** * Actively live Centra brand-values i.e. Proud, Energetic, Imaginative and Community-Based * Show a positive attitude and take responsibility for ensuring customers receive an excellent shopping experience * Deal with all customer queries efficiently, professionally and consistent with store policy * Merchandise shelves, ensuring that all areas of the store are presented to the highest standard * Engage with new initiatives and embrace new ways of working. **About The Locality** FULL-TIME ONLY NOT SUITABLE FOR PART TIME, 5 DAYS OUT OF 7. 3PM TO 10PM SHIFT Monday shift:15:00 to 22:00 Tuesday shift:15:00 to 22:00 Wednesday shift:15:00 to 22:00 Thursday shift:15:00 to 22:00 Friday shift:15:00 to 22:00 Saturday shift:15:00 to 22:00 Sunday shift:15:00 to 22:00 Please note that the start and finish times stated are only an approximate Apply",https://www.linkedin.com/jobs/view/4474686653,True
Sales Assistant,Applegreen,"Mullingar, County Westmeath, Ireland",linkedin,"**Sales Assistant - Applegreen Mullingar** As a Sales Assistant at Applegreen, you will be a crucial part of our front-line operations. If you’re looking for a fulfilling role where you can make a difference every day and build lasting relationships, we’d love to hear from you! Apply now to join the Applegreen family and become part of a company that values community, teamwork, our customers. **What will I be doing as a Sales Assistant at Applegreen?** * Achieve daily sales targets. * Support day to day business operations. * Deliver exceptional customer service. * Perform stock rotation tasks. * Maintain a clean and tidy shop floor. * Assist with stock taking procedures. **Why Should I join the Applegreen Team?** **Benefits** * All colleagues are eligible for a discount, allowing exclusive discounts on Bakewell Deli foods and hot drinks. * Bike to work scheme (available after 6 months of service). * HSF Health Plans schemes for healthcare expenses including dental, optical and many more. * Wellbeing platform with micro-modules and articles to support your mental health and wellbeing. In addition, our Employee Assistance Programme is a free confidential counselling service which offers support on personal, family, work, and money matters. * Flexible schedules. * Company pension scheme. * Exclusive offers on broadband and mobile plans. * Refer a friend scheme. * Development opportunities through a variety of online and classroom-based learning delivered by inhouse and external industry experts. **An Applegreen Sales Assistant would ideally:** * Have a can-do attitude who has strong communication skills and enjoys interacting with customers. * Ability to work well with colleagues, contributing to a positive team environment. * Enjoy working in a fast-paced environment. * Willingness to learn and adapt to new tasks.",https://www.linkedin.com/jobs/view/4474656166,True
"Sales Development Representative, Nordics",Procore Technologies,"Dublin, County Dublin, Ireland",linkedin,"Procore is looking for an outbound Sales Development Representative (SDR) to join our high-performing sales team in Dublin focussing on the Nordic Region. Our Sales Development organisation is an essential component of our corporate sales model and has helped fuel our incredible EMEA growth for the past several years. As a SDR, you’ll master the fundamentals of B2B sales, develop a deep understanding of the trillion-dollar construction industry, and showcase how Procore's platform helps improve one of the world’s largest sectors. We pride ourselves on setting impressive goals, supporting each other's professional growth, and having a blast achieving them together. We value an inclusive, collaborative floor culture and are looking for optimistic, highly motivated individuals to join our team immediately. **What you’ll do:** * Fuel Our Growth: Source and create high-quality new business opportunities to expand Procore's footprint across the Nordic Region. * Partner 1:1 with a Closer: Partner directly with Account Executives as a strategic pod. Together, you will map out target accounts, plan call strategies, and work toward mutually aligned monthly sales quotas. * Master Outbound Engagement: Engage construction professionals through structured phone, email, and social outreach channels to understand their unique workflow challenges and identify opportunities to solve them. * Own Your Day: Conduct daily high-volume activities including pre-call account research, high-velocity prospecting runs, and consistent follow-up to nurture long-term leads. * Operate with Autonomy: Be empowered to operate beyond your core day-to-day role; help the team optimize our outbound processes, suggest fresh campaign ideas, and actively contribute to training sessions. * Maintain Elite Tech Hygiene: Manage, track, and maintain accurate lead details, opportunities, and account histories within Salesforce.com. **What we're looking for:** * Sales Drive & Ambition: A clear, long-term motivation to pursue a high-growth career in technology and master the fundamentals of corporate software sales. * Resilience and Grit: A proven will to achieve goals—possessing the persistence and positive attitude to stay motivated and push harder when the going gets tough. * Coachability & Continuous Learning: Self-aware, reflective, and eager to grow. You digest constructive feedback critically, adapt quickly to overcome challenges, and are excited to master the Procore product certification track. * A Team-First Mindset: A desire to thrive in a highly collaborative, fast-paced environment where you win as a collective, celebrate team victories, and lift up the people around you. * Living Our Core Values: A natural alignment with Ownership (taking pride in your patch), Optimism (bringing great energy to the floor), and Openness (communicating transparently, thoughtfully, and with genuine empathy). * Dublin Based: You are ready to join us onsite in our Dublin office to collaborate with the team, soak up the unique culture, and enjoy our famous free lunches! **To REALLY stand out, you have:** * Fluent in both Norwegian and English, written and spoken, required * 1+ years of experience in a fast-paced software, SaaS, or high-volume customer-facing sales role. * An entrepreneurial spirit—experience running your own university society, side-hustle, or independent projects. * Direct exposure to, or a strong interest in, the construction, engineering, or property development ecosystems. * A documented track record of hitting targets, whether in previous sales functions, competitive sports, or academic milestones. * A Bachelor's degree or equivalent life and career experience. **Additional Information** **Base Pay Range:** 40,040.00 - 55,055.00 EUR Annual **On Target Earning Range:** 57,200.00 - 78,650.00 EUR Annual This role may also be eligible for Equity Compensation and/or Bonus Incentive Compensation. Procore is committed to offering competitive, fair, and commensurate compensation. Actual compensation will be based on a candidate’s job-related skills, experience, education or training, and location.",https://www.linkedin.com/jobs/view/4476175133,True
Science & Engineering Rotational Graduate Programme 2027,Bristol Myers Squibb,"County Dublin, Ireland",linkedin,"At Bristol Myers Squibb, our employees often ask, “Who are you working for?”—a question that fuels collaboration, accountability, and urgency in our work. Our purpose-driven culture inspires us to discover, develop, and deliver innovative medicines to prevail over serious diseases. We offer uniquely interesting and meaningful work, opportunities for growth, and a supportive environment that values inclusion, wellbeing, flexibility, and comprehensive benefits. This is work that transforms the lives of patients, and the careers of those who do it. **Science & Engineering Rotational Graduate Programme 2027** **At Bristol Myers Squibb, we are inspired by a single vision: transforming patients’ lives through science.** Bristol Myers Squibb is a leading global biopharmaceutical company focused on discovering, developing and delivering innovative medicines for patients with serious diseases. We combine the agility of a biotechnology company with the reach and resources of an established pharmaceutical organisation. Located in Dublin, the Cruiserath Biologics Campus is a key part of the Bristol Myers Squibb global manufacturing network. The campus includes an established multi-product biologics drug substance manufacturing operation, global biologics testing capabilities and a major expansion through the new Sterile Drug Product (SDP) facility. The SDP investment will add sterile drug product manufacturing and laboratory capabilities, supporting existing medicines and future pipeline assets. Its scope includes product formulation, component preparation, aseptic filling and capping of liquid and freeze-dried vials, aseptic syringe filling, visual inspection, clean utilities and the supporting quality, engineering, digital, supply chain and operational-readiness systems. **Our rotational graduate offering is a major step towards a career that you will find fulfilling, both professionally and personally.** The programme is structured around three nine-month rotations across relevant Science, Engineering and business functions. Rotations are matched with graduate development goals and business needs, providing broad experience across the Cruiserath Campus and opportunities to contribute to both established biologics operations and the delivery, start-up and ongoing operation of the new SDP facility. As a Science or Engineering Graduate, you will work with experienced technical teams, senior management and business leaders. Depending on your rotations, you may support cross-functional activities in areas such as Manufacturing, Manufacturing Science and Technology, Quality, Engineering, Commissioning, Qualification and Validation, Computer Systems Validation, Automation, Supply Chain, Operational Excellence and Project Management. You will contribute to meaningful projects, develop an understanding of the regulated biopharmaceutical environment and build the technical, digital and interpersonal capabilities required for a long-term career at Bristol Myers Squibb. Your development will follow the 70:20:10 learning model: 70% experiential learning through meaningful work and project assignments, 20% learning through networking, coaching and mentoring, and 10% formal learning. Each rotation will include clear objectives, structured manager support, regular feedback and opportunities to build a strong cross-functional network. **What You Will Do** * Complete three structured rotations and deliver agreed technical, operational or improvement objectives in each placement * Support safe, compliant and right-first-time delivery in accordance with applicable procedures and good manufacturing practice * Use data, digital tools and structured problem-solving to identify opportunities and improve ways of working * Build effective relationships across Drug Substance, Sterile Drug Product and campus support functions * Present progress, learning and project outcomes to managers, mentors and business stakeholders **Qualifications, Experience And Attributes Required** * A minimum 2:1 honours degree or Masters, or expected 2:1, in a relevant Science, Engineering, Technology or related discipline – graduating in 2027. * A genuine interest in biopharmaceutical manufacturing, sterile drug product operations and innovation in healthcare * Strong communication, analytical and problem-solving skills * The ability to collaborate effectively in diverse, cross-functional teams * Adaptability, initiative and a commitment to continuous learning in a fast-paced, regulated environment * The right to work in Ireland **Why you should apply** * You will help patients in their fight against serious diseases * You will be part of a company that encourages excellence and innovation, respects diversity, develops leaders and values its employees. * You’ll get a competitive salary and a great benefits package including an annual bonus, pension contribution, family medical allowance, 27 days of annual leave, life assurance and on-site gym We hire for skills and capabilities, not just credentials – if this role excites you, but doesn’t perfectly match your resume, we encourage you to apply anyway. **How We Work** Where you work matters – because collaboration, innovation and patient impact happen in many settings. Our roles are structured across four work models: site-essential, site-by-design, field-based and remote-by-design. The model assigned to this role is based on its core responsibilities. Learn more at https://careers.bms.com/ways-of-working. **Supporting People With Disabilities** BMS is dedicated to ensuring that people with disabilities can excel through a transparent recruitment process, reasonable workplace accommodations/adjustments and ongoing support in their roles. Applicants can request a reasonable workplace accommodation/adjustment prior to accepting a job offer. If you require reasonable accommodations/adjustments in completing this application, or in any part of the recruitment process, direct your inquiries to adastaffingsupport@bms.com. Visit careers.bms.com/eeo-accessibility to access our complete Equal Employment Opportunity statement. **Candidate Rights** BMS will consider qualified applicants with arrest and conviction records, pursuant to applicable laws in your area. For roles based in Los Angeles County only: If you live in or expect to work from Los Angeles County if hired for this position, please visit this page for important additional information: https://careers.bms.com/california-residents/ **Data Protection** We will never request payments, financial information, or social security numbers during our application or recruitment process. Learn more about protecting yourself at https://careers.bms.com/fraud-protection. Any data processed in connection with role applications will be treated in accordance with applicable data privacy policies and regulations. If this posting is missing required information required by local law or incorrect, contact BMS at TAEnablement@bms.com with the Job Title and Requisition number. Do not send application-related inquiries to this email. To check your application status, please login to your Candidate Home Account. R1607134 : Science & Engineering Rotational Graduate Programme 2027",https://www.linkedin.com/jobs/view/4475820894,True
Showroom Sales Executive - Dublin,Bathshack.com,"Dublin 12, County Dublin, Ireland",linkedin,"Vacancy at Bathshack Showroom Sales Executive - Dublin Salary € 325000 Plus Uncapped commission Dublin 12 **Vacancy listed** 05/10/2026 **Application deadline** 30/11/2026 Details Are you an energetic and enthusiastic individual with a knack for sales? Our Dublin Showroom team are super busy and need another executive who wants to develop their retail sales career in style! This isn’t just any sales job – we are looking to fill a key role in our thriving Dublin team to support our customers to get the bathroom of their dreams! You bring the drive and motivation - and we will give you the knowledge! Full training will be provided and our Bathshack Academy will give you the product knowledge to go alongside learning from experienced team members on site. **A Bit About The Role….** * Welcome our customers in a friendly and timely manner when they enter the store. * Ask the right questions to uncover and understand customer needs * Assist customers with their bathroom product queries and offer advice. * Produce customer proposals. * Process orders. * Increase sales and profitable growth in line with company targets. * Exceed sales targets and objectives. * Keep sales lead sheets up to date. * Follow up customer leads in a timely manner by phone. * Effectively overcome any potential objections. * Process telephone orders. * Provide excellent customer service on telephone and in store. * Follow up with customers after completion of bathroom installation to ensure they are fully satisfied. * Develop a good understanding of all the Bathshack product range and keep up to date with new products. **A Bit About You…..** * Reliable, professional, driven and approachable * A great attitude and motivation to work with our customers * Experience in the use of MS office (including Word, Excel and Outlook) * Willing to develop a great knowledge of sales and the sales process. * Excellent interpersonal and communication skills * Strong organisational skills * Motivated team player * Good problem solving ability * Ability to work on your own initiative once trained and confident. * Able to work during late night opening and Saturdays where required It would be advantageous for you to have….. * Experience in a similar role within a retail environment * Extensive experience and confidence in the use of IT **Our Pay Structure** We believe great performance should be recognised and rewarded. Our Showroom Sales Executives benefit from a clear salary structure with uncapped bonus and regular progression opportunities. * Band 1: €32,500 + uncapped bonus * Band 2: €35,000 + uncapped bonus * Band 3: €37,500+ uncapped bonus New starters begin on Band 1 during a 6‑month probation period. Progression is reviewed every 6 months thereafter, with movement through the bands based on performance and agreed criteria. **Why join Bathshack?** We’re Ireland's largest online bathroom retailer, with showrooms across Ireland , Northern Ireland and England. For over 15 years, we’ve been leading the way in stylish bathroom designs, exceptional service, and innovative solutions. We’re a trusted name in the industry and proud of our family-run roots. **Why You’ll Love It Here** * Starting Salary of €32,500 per annum plus bonus and incentives too with an opportunity to progress through our salary banding programme * Your birthday off – Celebrate your day, on us! * Milestone Awards - Additional holiday at 3 and 5 year tenure. * Perks card – Enjoy exclusive discounts on retail, travel, and more. * Staff discount – Because your bathroom deserves the best too. * Access to our Employee Assistance Programme for 24/7 wellbeing support. * Auto Enrolment Pension - helping you save for your future * Our Mighty Duck Recognition scheme and learning opportunities through our Bathshack Academy **Our Core Values** * Trust & Team Spirit – Support each other, succeed together. * Ultimate Customer Focus – We're dedicated to helping customers win.. * Bold, Brave & Market Leading – We think big, build with purpose, and never settle. * Smart & Sustainable Growth – Growing with intention, ambition and speed. Please note that no terminology in this advert is intended to discriminate on the grounds of a person's gender, marital status, race, religion, colour, age, disability or sexual orientation. Every candidate will be assessed only in accordance with their merits, qualifications and abilities to perform the duties of the role. **Can I use AI to prepare for interviews with Bathshack?** Yes. Preparation is fine. Interviews are completed without AI support so we can get to know you directly. apply",https://www.linkedin.com/jobs/view/4476172875,True
TEAM MEMBER (Full Time) - Liffey Street,Sprout & Co,"Dublin, County Dublin, Ireland",linkedin,"**Exciting news....Sprout is coming Northside! 💚** We’re opening our brand-new Liffey Street **restaurant later this year** , and we’re starting to build the brilliant team who’ll bring it to life. **A quick note before you apply:** We’re getting ahead for our Winter opening, so we’ll begin reviewing applications and reaching out to candidates from **early November** . This role is for **full-time availability only** . At Sprout, our Team Members are at the heart of what we do. You’re one of the people our customers come back to see, as much as they come back for the food. It’s a fast-paced, hands-on role where you’ll serve great food, create warm customer experiences, and work with the team to keep the restaurant running brilliantly. **Reporting to:** Restaurant Leader **Contract:** Full-time **Pay:** €14.15–€14.70 per hour, depending on experience and role **What You Get** * Guaranteed hours * Career pathway - 90% of our Restaurant Leaders were promoted from within * Learning & development through Sprout University * Free food on every shift, plus 50% off for you and three friends when you're off * Online GP access * Wellbeing and mental health support * Recognition that means something - Team Spotlight fund and Star Performer of the Month * Regular team socials and celebrations **What You’ll Do** * Welcome customers, take orders and help create a warm, friendly experience * Prepare and serve fresh food to Sprout standards, making sure every dish looks and tastes great * Learn all areas of the service line, including till, toppings and mix * Keep the restaurant clean, organised, stocked and ready for service * Learn our menu so you can answer questions and recommend dishes confidently * Follow food safety, hygiene and health & safety standards * Work closely with the team to keep service running smoothly, especially during busy periods **You’ll probably love working at Sprout if...** * You like a bit of buzz and don’t mind music playing while you work * You enjoy being around people and chatting to customers * You’re happy jumping in wherever the team needs you * You’re reliable, turn up on time and take pride in doing a good job * You’re curious, open to feedback and want to keep learning * You like being part of a team where people genuinely look out for each other You don’t need previous experience, we’ll teach you everything you need to know. And if you’re looking for somewhere quiet, slow-paced and where everyone keeps to themselves, we’re probably not the one. If you like the sound of that, we’d love to hear from you.",https://www.linkedin.com/jobs/view/4474947833,True
Tax Graduate Programme 2027,Crowe Ireland,"Dublin, County Dublin, Ireland",linkedin,"**Join Crowe Ireland’s 2027 Tax Graduate Programme!** Are you ready to kickstart your career and write your story with one of Ireland's top accounting and advisory firms? At **Crowe Ireland** , we’re not just about numbers we’re about people, innovation, and making a real impact. We’re advisors, partners, and innovators who help businesses grow, navigate their challenges, and build a brighter future. We work with a diverse mix of clients – from owner-managed business and not-for - profit to multinationals, government agencies and hospitality as a small example – Every day brings something new! As part of our team, you'll learn from the best, gain hands - on experience across a range of industries, and be part of a community that values **collaboration** , **curiosity** , and **creativity** . **Why choose Crowe Ireland?** At Crowe Ireland, we are a close knit team with a global reach. Our firm is all about fostering talent, encouraging fresh ideas, and driving positive change for our clients and community. We are big enough to offer great opportunities, international assignments and write a successful story and small enough for you to make great impacts on some of our projects from the word go. Join us, and you will be part of a dynamic and diverse team that values growth, learning and having a bit of fun along the way! If you want to know more about our Graduate Programme, visit our website. **What’s in it for You?** Our 2027 Tax Graduate Programme is designed to give you real world experience, professional development, and a fast track to becoming a qualified accountant and/or tax advisor. You’ll get to work with amazing clients, use trending technology, get a flavour of all specialties in Tax and learn from a team that genuinely cares about your success. Here’s what you’ll do: **Your Role:** 1. **Explore a Range of Tax Disciplines** : Get hands on experience with different areas of tax, including International Tax, Corporate Tax, Global Mobility, Personal Taxation and VAT. You’ll help businesses navigate the complexities of tax laws both locally and globally. 2. **Build leadership skills** : You will be assigned a portfolio of clients to manage. Managers and Partners will coach and support you, also review the quality of the service provided, but you will have the opportunity to build autonomy and leadership skills from day 1. 3. **Become a Data Detective** : Use the latest tools and techniques to analyse client data, research tax technical issues, and find smart solutions that add real value to our clients 4. **Build Meaningful Relationships** : You will work closely with clients and collaborate with other departments to deliver comprehensive solutions that meet their needs. 5. **Communication Pro** : Ensure managers, directors, and partners are always informed of progress, potential issues, and key insights on your assignments. You will work closely with partners, directors and other managers to deliver top-notch services to our clients. 6. **Deliver Excellence** : Contribute to high quality tax assignments, ensuring compliance, mitigating risks, and driving positive outcomes for our clients. **How we are going to support your development:** * Crowe will fully sponsor your accounting qualification: You will have the freedom to choose which accounting qualification you will pursue. ACA? ACCA? It’s your pick! * In addition to your accounting qualification, we will also sponsor a Chartered Tax Advisor (CTA) qualification for you. * We will support your studies by providing generous study leave so you can dedicate time to pass your exams. * Flexibility to attend your classes and tuitions. * You will work closely with our senior team and will be mentored and supported to achieve your personal and professional goals. * You will gain experience and develop competencies in practice dealing with clients and carrying out meaningful and relevant work **What We’re Looking For:** * **Academic Performance** : You achieved or are on track to achieve a 2.2 or higher in your undergraduate degree and have recently graduated or will graduate in 2027. * **Future Accountants:** You’re excited about a career in Tax and accounting, no matter your background. * **Eligibility:** You have the right to work in the Republic of Ireland. * **Communication Champs:** You’ve got strong verbal and written communication skills, with an eye for detail and a knack for problem-solving. * **Attention to Detail:** You’re a master of the small stuff and know that details matter. **Our offer:** * Alongside a fully sponsored accounting qualification, we offer a competitive reward package that comprises salary, benefits, development opportunities and wellbeing programmes. Some of them are: * 22 days of annual leave * Pension with 100% employer matching contributions * Tax saver travel pass * Cycle to Work Scheme * And more… * Work life balance: our team enjoy compressed working weeks during the summer and hybrid work options. * Accelerate career progression through ongoing support and investment in your development. **Why Join Us?** Because we believe in nurturing talent from day one. You will get mentorship from experienced professionals, access to ongoing learning and development opportunities, and the chance to make a real impact in a supportive, inclusive environment. Plus, we know how to have fun—whether it is team social events, community events, or just celebrating a job well done! Ready to write a story that matters? Apply now and start your journey with Crowe! **Equal opportunity** Crowe is proud to be an equal opportunity employer. We value diversity and anyone seeking employment at Crowe is considered based on merit, qualifications, competence and talent. We don’t regard colour, religion, race, national origin, sexual orientation, ancestry, citizenship, sex, marital or family status, disability, gender, or any other legally protected status when making our hiring decisions. If you have a disability or special need that requires accommodation, please let us know.",https://www.linkedin.com/jobs/view/4458179764,True
"Technical Support Engineer - Dell Compute | PowerEdge & Modular (B2B) - Norwegian, Finnish, Italian, or Dutch speaking",Dell Technologies,"Dublin, County Dublin, Ireland",linkedin,"**Technical Support Engineer - Dell Compute | PowerEdge & Modular (B2B)- Norwegian, Finnish, Italian or Dutch speaking** At Dell Technologies, world-class service doesn't end when our customer purchases our innovative products. Our Technical Support team is there for them whenever they need help - no matter how complex the challenge, we rise to it. We answer questions about the installation, operation, configuration, customization and use of Dell Technologies products. For critical matters, we use our systems to provide remote diagnostic technical support. If there's an issue with a customer's product, we will analyze it, identify the cause, recommend a solution and document the problem. Join us as a **Technical Support Engineer - Dell Compute | PowerEdge & Modular (B2B)** on our **Dell's Compute Technical Support team** in Ireland to do the best work of your career and make a profound social impact. **What you'll achieve** Our team is part of Dell's Compute Technical Support organization, providing enterprise-level (B2B) support for PowerEdge Rack&Tower, and Modular (MX series) server platforms. The Technical Support Engineer will serve as the first point of contact for business customers, diagnosing and resolving hardware and software issues across the PowerEdge portfolio. Day-to-day, the engineer will manage inbound cases, perform remote troubleshooting using Dell diagnostic tools, coordinate parts dispatches, and ensure timely resolution within SLA commitments. This role is ideal for someone passionate about enterprise infrastructure and delivering exceptional support to business-critical environments. **You will:** * **Diagnose and resolve** hardware and software issues on Dell PowerEdge Rack, Tower, and Modular (MX) server platforms for enterprise B2B customers via phone, chat, and remote sessions * **Utilize Dell diagnostic tools** including iDRAC, Lifecycle Controller, SupportAssist Enterprise, and Dell online diagnostics to identify root cause and drive resolution * **Manage case workload** effectively, ensuring all customer interactions are documented accurately and resolved within defined SLA/service contract commitments (ProSupport, ProSupport Plus, Basic) * **Coordinate parts dispatch and field engineers** when on-site hardware replacement is required, ensuring correct part identification and timely resolution * **Collaborate with escalation teams** (L2/L3 engineering) and cross-functional groups to resolve complex issues and contribute to knowledge base documentation for continuous improvement **Take the first step towards your dream career** Every Dell Technologies team member brings something unique to the table. Here's what we are looking for with this role: **Essential Requirements** * Foundational understanding of **server hardware architecture** - processors, memory (DIMMs), hard drives (SAS/SATA/NVMe), RAID controllers (PERC), power supplies, and cooling systems * Basic knowledge of **server operating systems** including Windows Server and Linux distributions (RHEL, SLES, or Ubuntu Server) * Understanding of **networking fundamentals** (TCP/IP, DNS, DHCP, NIC configuration) as they relate to server connectivity and management interfaces * Strong **analytical and troubleshooting skills** with a structured, methodical approach to problem-solving * Excellent **communication and customer service skills** with the ability to manage expectations in a professional B2B enterprise environment * **Norwegian, Finnish, Italian or Dutch speaking** **Desirable Requirements** * Hands-on experience or familiarity with **Dell PowerEdge platforms, iDRAC, OpenManage Enterprise, or Dell Modular (MX) infrastructure** including chassis management (OME-Modular) * Relevant industry certifications such as **CompTIA Server+, CompTIA A+, Dell Certified (DCA/DCE), or Microsoft/Linux certifications** - or prior experience in a data center, server, or enterprise technical support role **Who we are** We believe that each of us has the power to make an impact. That's why we put our team members at the center of everything we do. If you're looking for an opportunity to grow your career with some of the best minds and most advanced tech in the industry, we're looking for you. Dell Technologies is a unique family of businesses that helps individuals and organizations transform how they work, live and play. Join us to build a future that works for everyone because Progress Takes All of Us. Dell Technologies is committed to the principle of equal employment opportunity for all employees and to providing employees with a work environment free of discrimination and harassment. Read the full Equal Employment Opportunity Policy here.",https://www.linkedin.com/jobs/view/4474694224,True
"Telco NOC Specialist (L1, Europe)",Holafly,"Dublin, County Dublin, Ireland",linkedin,"**Company Overview** Holafly is a high-growth scale-up revolutionising how businesses and travellers connect to the internet abroad. Since 2018, we’ve empowered travellers in over 200 destinations worldwide with secure and reliable eSIM solutions. With a team of 600+ professionals across multiple countries, we are scaling globally to support travellers with seamless, unlimited data connectivity. We’re not just connecting people—we’re enabling freedom and peace of mind, ensuring our users stay connected from the second they land, wherever their journey takes them. The Role As our NOC / L1 Support Specilist, you will be the first line of defense in ensuring global connectivity by monitoring our MVNE platform and resolving roaming technicalities. Your work directly impacts our brand promise of uninterrupted data, ensuring every traveler stays online regardless of their destination. Key Responsibilities * Monitor and maintain service availability across our global networks using platforms like Zabbix to identify and resolve technical anomalies. * Diagnose and troubleshoot complex eSIM and roaming registration flows to ensure rapid restoration of traveler connectivity. * Manage the SIM lifecycle, from APN configurations to IMSI/ICCID validation, ensuring seamless activation for all users. * Collaborate across teams, acting as the technical bridge between Customer Service and L2 engineering to escalate critical incidents effectively. * Document operational processes and technical workflows to build a robust knowledge base that scales with our rapid growth. * Drive service quality by tracking performance indicators and proactively identifying potential connectivity bottlenecks before they affect users. **Qualifications** * Professional experience in a NOC, Technical Support, or Telecommunications operational environment. * Foundational knowledge of mobile network elements (4G/5G) and roaming concepts like HSS, PGW, and APN settings. * Technical curiosity for eSIM technologies, including activation flows and SM-DP+ basics. * Strong communication skills, with the ability to translate technical issues into clear updates for non-technical stakeholders. * Adaptability to thrive in a fast-paced, ""brave"" scale-up environment where quick learning is essential. **Nice-to-haves** * Basic understanding of Diameter (ULR/ULA) or MAP/SS7 protocols. * Experience with Jira or similar enterprise ticketing systems. Benefits & Perks * Remote-first culture with a focus on outcome over hours. * Flexible working schedule to support your work-life balance. * The opportunity to grow within a blameless, collaborative environment that values ownership and continuous improvement. During a trip to Thailand, Pedro and Lidia, the founders of Holafly, experienced the frustration of not having an internet connection. Inspired by their own experiences, they came up with a simple but brilliant idea: why not allow travellers to buy data plans for any destination from their home country? Our passion for providing easy and convenient connectivity to travellers around the world drives everything we do. We love our work and we do it with pride. Stay connected wherever you go.",https://www.linkedin.com/jobs/view/4474600319,True
Trainee Development Coordinator,Tuath Housing Association,"Dublin, County Dublin, Ireland",linkedin,"**Job Title:** **Trainee Development Coordinator** **Location:** Dublin **Hours:** **37 hours per week** **About Us:** Tuath Housing has provided safe, secure and affordable housing since 2006. A lot has changed over the years, but our values remain the same. In partnership with Key Stakeholders, our main focus is on delivering more quality homes to more people and providing an outstanding Customer experience to our 27,000 residents. Working with Tuath Housing is different because we make a difference. We maintain and develop our team of dedicated, motivated, and authentic people through focused training and career development. If you are driven to make a difference and believe that everybody needs a home, Tuath is waiting to hear from you. **Position Summary:** The Graduate Property Development Coordinator supports the Development Team who are responsible for delivering new housing development opportunities. They provide administration support and maintain relationships with key stakeholders for the delivery of new housing stock. **Qualifications:** Suitable candidates will have a relevant third level qualification in Spatial Planning, Real Estate, or other related discipline. Own vehicle and full clean driving license required. Good understanding of MS Office. **You will:** Identify and respond to new business opportunities, negotiating and ensuring they are commercially viable. These new business opportunities should include social, cost rental and private rental options. Establish and maintain strong relationships with external stakeholders to further the expansion of the Association via new business opportunities. Analyse the need for housing provision in partnership with Local Authorities and prepare project appraisals to include surveys, briefs, valuations, economic investment appraisals, business cases etc. Assist the Development team with submitting funding applications to Local Authorities and the Department of Housing, Planning & Local Government (DHPLG) Arrange site visits and liaise with external and internal stakeholders for information Assist the Development Manager and Director in the preparation of tender submissions for new business. Assisting with the maintenance of the New Business team's filing system in line with audit and regulatory requirements Assist in the delivery of the Development Programme for Tuath Housing within agreed timescales Provide general administration support to the New Business Team as required **Requirements:** Understanding of development, construction, negotiation, and property acquisitions. Understanding of working with partners and relationship management. Excellent communication, interpersonal and relationship-building skills. Ability to work effectively as part of a team and independently. Excellent organisational and time-management skills. To participate on forums/working groups/committees as required. Promote a culture which is supportive of excellent service delivery and meets Tuath Housing's vision, mission, and values. **Working for Tuath Housing:** Attractive salary commensurate with experience 24 days annual leave Service leave Organisational performance bonus Generous pension scheme Sick leave Wellness allowance Hybrid working Bike-to-work scheme Flexible working hours Career break Career development program Employee assistance program Linkedin Learning licence Car-parking on site Sports & Social Club Work-life balance package Tuath Housing are accredited with the Bronze Award from Investors for Diversity and are committed to promoting a diverse and respectful workplace reflective of all cultures, nationalities, backgrounds, genders, members of the LGBTQ+ community and people from traditionally marginalised backgrounds.",https://www.linkedin.com/jobs/view/4456884831,True
Vehicle Handler,National Vehicle Distribution,"Dublin, County Dublin, Ireland",linkedin,"**About NVD** A family-owned business, established in 1980, NVD was set up to assist vehicle manufacturers in the timely and incident free distribution of their products. We’ve established ourselves as a one stop shop providing the three main pillars of outbound logistics, including transporting, storing and enhancing our customers’ vehicles, prior to delivery to their end location. Since 1980 NVD has been at the forefront of pioneering the digitisation of the FVL industry. As early adopters of emerging technology we have been able to introduce huge efficiencies saving time and money for our customers. Our unwavering commitment to progress and continual service improvement remains at the heart of our business today. **Role Summary** The role is responsible for the safe and efficient movement, inspection, and handling of vehicles within storage compounds and loading areas. This includes carrying out vehicle checks on arrival and dispatch, completing stock audits, and ensuring compounds are maintained to a high standard. The successful candidate will handle the movement of a high volume of vehicles—typically 60 or more per day—between designated areas, ensuring accuracy, care, and adherence to safety procedures. They will support the wider operations team in maintaining an organised, efficient, and compliant vehicle flow process. The role requires a **full driving licence** , flexibility to work shifts (including evenings and up to six days per week), and the ability to work outdoors in varying weather conditions. A positive attitude, reliability, and comfort driving both cars and light commercial vehicles are essential. We have excellent career opportunities in Baldonnell, Co Dublin for Vehicle Handlers. **Compensation & Benefits** * 17.00 per hour including shift premium paid (3.9 hours equivalent) at standard hourly rate * Pension Scheme * Death In Service Benefit * Digital GP Service * Employee Assistance Programme * Annual Leave Purchase Programme * Long Service Awards * Staff Purchase Schemes: **Responsibilities** * Tyres * Tools * Bike to Work * Discounted Gym Membership * Checking vehicles upon arrival and dispatch * Moving multiple vehicles between compounds * Vehicle specific inspections * Stock Checks * General maintenance and upkeep of compounds **Requirements** * Ability to work outside and with shift work schedule * Availability to work between multiple compounds * Available for work up to 6 days a week and availability to work evening shifts * Full driving license * Positive working attitude * Comfortable with driving cars and light commercial vehicles **Equal Opportunities Statement** National Vehicle Distribution is an equal opportunity employer committed to fostering a diverse and inclusive workplace. We value openness, innovation, customer focus, and operational excellence. Our organisation actively promotes equality and prohibits discrimination based on gender, marital/civil status, family status, age, disability, sexual orientation, race, religion, or membership of the Traveller community, in accordance with Irish and UK equality legislation. We encourage applications from all qualified individuals and are dedicated to creating an environment where everyone can thrive and contribute to our shared success. #IND2",https://www.linkedin.com/jobs/view/4474692680,True
Veterinary Nurse,IVC,"Dublin, D, IE",indeed,"**Veterinary Nurse** -------------------- ### **All Care Veterinary Centre | Walkinstown, Dublin** ### **Full-Time | Permanent** ### **40 Hours Per Week** ### **Salary €32,000 - €35,000+ DOE** **Launch or Grow Your Nursing Career in a Busy, Supportive Practice** --------------------------------------------------------------------- All Care Veterinary Centre is looking for a Veterinary Nurse to join our friendly and experienced team in Walkinstown. We welcome applications from VCI Registered Veterinary Nurses, Student Veterinary Nurses due to qualify and register in 2026, and nurses at all stages of their career. Whether you're newly qualified and eager to build confidence, or an experienced nurse looking for a practice where your skills will be fully utilised, this is an excellent opportunity to develop your career within a busy first-opinion environment. We are passionate about creating a workplace where nurses are encouraged to be hands-on, actively involved in patient care and supported to pursue their professional interests. Rather than being limited to routine tasks, you'll gain valuable exposure across a wide range of clinical areas and be given the opportunity to develop practical skills that make a real difference to patient outcomes. **A Role That Offers True Clinical Exposure** --------------------------------------------- This is a varied, engaging nursing role where you'll be involved in all aspects of patient care and practice life. Working alongside our experienced veterinary team, you'll play a key role in surgical nursing, anaesthesia monitoring, inpatient care, nurse consultations, laboratory work, client communication and patient recovery. We believe veterinary nurses should be empowered to use their skills to their fullest potential and actively encourage nurse involvement throughout the patient journey. From supporting surgical procedures and medical workups to running consultations and providing client education, you'll have the opportunity to build confidence and develop a comprehensive range of nursing skills. For less experienced nurses, this role offers exceptional mentorship and support. For experienced nurses, it provides the autonomy and clinical exposure needed to continue progressing and expanding your capabilities. **Develop Your Career Your Way** -------------------------------- At All Care Veterinary Centre, we understand that every nurse has different career ambitions. Whether you're interested in medicine, surgery, dentistry, behaviour, nutrition, emergency and critical care, anaesthesia or another area entirely, we'll support you in developing those interests. We are committed to investing in our nurses and are proud to offer full funding for Nursing Certificates (NCerts) and further professional development opportunities. If there is a particular area of practice you are passionate about, we'll work with you to help build the skills, knowledge and qualifications needed to achieve your goals. This is a practice where career progression isn't just encouraged, it's actively supported. **Join a Team That Enjoys Working Together** -------------------------------------------- All Care Veterinary Centre is a modern, well-established small animal practice with a strong reputation for delivering high-quality patient care and exceptional customer service to the local community. You'll be joining a supportive team consisting of Veterinary Surgeons, Veterinary Nurses, a Student Veterinary Nurse, Reception and Practice Management colleagues who genuinely enjoy working together. Collaboration, kindness and teamwork are central to our culture, and we're proud of the positive environment we've created for both our team and our clients. Our nurses are highly valued members of the practice and play an important role in shaping the patient experience, supporting colleagues and contributing to the continued success of the clinic. **Work-Life Balance That Works** -------------------------------- This is a permanent full-time position based on 40 hours per week and worked on a rotational rota between Monday and Saturday. Weekday shifts fall between 8.00am and 7.00pm, with participation in a shared Saturday rota. There are no Sunday shifts, no Bank Holiday commitments and no out-of-hours responsibilities, helping you maintain a healthy balance between work and personal life. **Who We're Looking For** ------------------------- We're looking for a Veterinary Nurse who is enthusiastic, compassionate and committed to delivering exceptional patient care. You may be a nurse looking for your next challenge, a recently qualified RVN keen to build your confidence and skills, or a student nurse preparing to qualify in 2026. What matters most is a willingness to learn, a positive attitude and a desire to make a meaningful contribution as part of a supportive clinical team. You'll enjoy working in a busy environment, have excellent communication skills and take pride in building strong relationships with clients, patients and colleagues alike. **Benefits (Subject to Pro-Rata)** ---------------------------------- ### **Work-Life Balance & Wellbeing** * 4.4 weeks annual leave package plus birthday leave * Paid maternity, paternity and adoptive leave * Paid bereavement leave * Company sick pay * Employee Assistance Programme (EAP) * Cycle to Work scheme * Free flu vaccinations ### **Professional Development** * €600 CPD allowance plus 3 paid CPD days (pro rata) * Funded certificates, diplomas and PhDs * Access to bespoke career development programmes, including Graduate Nurse Academy and Nurse Evolve * Structured career progression pathways * Leadership Academy for aspiring Head Nurses and Practice Managers ### **Additional Benefits** * ""Pawsome"" perks, including retail discounts and virtual gym memberships * Discounted veterinary care for your own pets * Employer pension contributions * Access to internal networks and communities, including LGBTQIA+, Wellbeing Champions, Nurse Committee and Clinical Board groups **Why Join All Care Veterinary Centre?** ---------------------------------------- This is an outstanding opportunity to join a practice where veterinary nurses are encouraged to fully utilise their skills, develop their interests and build rewarding long-term careers. If you're looking for a supportive team, excellent clinical exposure, hands-on nursing responsibilities and genuine opportunities for growth, we'd love to hear from you. Join All Care Veterinary Centre and develop the skills, confidence and career you've been looking for. Up to €35,000+ DOE We may use artificial intelligence (AI) tools to support parts of the hiring process, such as reviewing applications, analyzing resumes, or assessing responses and identifying potential inconsistencies or verification signals in application materials based on available information. These tools assist our recruitment team but do not replace human judgment. Final hiring decisions are ultimately made by humans. If you would like more information about how your data is processed, please contact us.",https://ie.indeed.com/viewjob?jk=3eb478622674252a,True
Veterinary Nurse,IVC Evidensia,"Dublin, County Dublin, Ireland",linkedin,"**All Care Veterinary Centre | Walkinstown, Dublin** **Full-Time | Permanent** **40 Hours Per Week** **Salary €32,000 - €35,000+ DOE** **Launch or Grow Your Nursing Career in a Busy, Supportive Practice** All Care Veterinary Centre is looking for a Veterinary Nurse to join our friendly and experienced team in Walkinstown. We welcome applications from VCI Registered Veterinary Nurses, Student Veterinary Nurses due to qualify and register in 2026, and nurses at all stages of their career. Whether you're newly qualified and eager to build confidence, or an experienced nurse looking for a practice where your skills will be fully utilised, this is an excellent opportunity to develop your career within a busy first-opinion environment. We are passionate about creating a workplace where nurses are encouraged to be hands-on, actively involved in patient care and supported to pursue their professional interests. Rather than being limited to routine tasks, you'll gain valuable exposure across a wide range of clinical areas and be given the opportunity to develop practical skills that make a real difference to patient outcomes. **A Role That Offers True Clinical Exposure** This is a varied, engaging nursing role where you'll be involved in all aspects of patient care and practice life. Working alongside our experienced veterinary team, you'll play a key role in surgical nursing, anaesthesia monitoring, inpatient care, nurse consultations, laboratory work, client communication and patient recovery. We believe veterinary nurses should be empowered to use their skills to their fullest potential and actively encourage nurse involvement throughout the patient journey. From supporting surgical procedures and medical workups to running consultations and providing client education, you'll have the opportunity to build confidence and develop a comprehensive range of nursing skills. For less experienced nurses, this role offers exceptional mentorship and support. For experienced nurses, it provides the autonomy and clinical exposure needed to continue progressing and expanding your capabilities. **Develop Your Career Your Way** At All Care Veterinary Centre, we understand that every nurse has different career ambitions. Whether you're interested in medicine, surgery, dentistry, behaviour, nutrition, emergency and critical care, anaesthesia or another area entirely, we'll support you in developing those interests. We are committed to investing in our nurses and are proud to offer full funding for Nursing Certificates (NCerts) and further professional development opportunities. If there is a particular area of practice you are passionate about, we'll work with you to help build the skills, knowledge and qualifications needed to achieve your goals. This is a practice where career progression isn't just encouraged, it's actively supported. **Join a Team That Enjoys Working Together** All Care Veterinary Centre is a modern, well-established small animal practice with a strong reputation for delivering high-quality patient care and exceptional customer service to the local community. You'll be joining a supportive team consisting of Veterinary Surgeons, Veterinary Nurses, a Student Veterinary Nurse, Reception and Practice Management colleagues who genuinely enjoy working together. Collaboration, kindness and teamwork are central to our culture, and we're proud of the positive environment we've created for both our team and our clients. Our nurses are highly valued members of the practice and play an important role in shaping the patient experience, supporting colleagues and contributing to the continued success of the clinic. **Work-Life Balance That Works** This is a permanent full-time position based on 40 hours per week and worked on a rotational rota between Monday and Saturday. Weekday shifts fall between 8.00am and 7.00pm, with participation in a shared Saturday rota. There are no Sunday shifts, no Bank Holiday commitments and no out-of-hours responsibilities, helping you maintain a healthy balance between work and personal life. **Who We're Looking For** We're looking for a Veterinary Nurse who is enthusiastic, compassionate and committed to delivering exceptional patient care. You may be a nurse looking for your next challenge, a recently qualified RVN keen to build your confidence and skills, or a student nurse preparing to qualify in 2026. What matters most is a willingness to learn, a positive attitude and a desire to make a meaningful contribution as part of a supportive clinical team. You'll enjoy working in a busy environment, have excellent communication skills and take pride in building strong relationships with clients, patients and colleagues alike. **Benefits (Subject to Pro-Rata)** **Work-Life Balance & Wellbeing** * 4.4 weeks annual leave package plus birthday leave * Paid maternity, paternity and adoptive leave * Paid bereavement leave * Company sick pay * Employee Assistance Programme (EAP) * Cycle to Work scheme * Free flu vaccinations **Professional Development** * €600 CPD allowance plus 3 paid CPD days (pro rata) * Funded certificates, diplomas and PhDs * Access to bespoke career development programmes, including Graduate Nurse Academy and Nurse Evolve * Structured career progression pathways * Leadership Academy for aspiring Head Nurses and Practice Managers **Additional Benefits** * ""Pawsome"" perks, including retail discounts and virtual gym memberships * Discounted veterinary care for your own pets * Employer pension contributions * Access to internal networks and communities, including LGBTQIA+, Wellbeing Champions, Nurse Committee and Clinical Board groups **Why Join All Care Veterinary Centre?** This is an outstanding opportunity to join a practice where veterinary nurses are encouraged to fully utilise their skills, develop their interests and build rewarding long-term careers. If you're looking for a supportive team, excellent clinical exposure, hands-on nursing responsibilities and genuine opportunities for growth, we'd love to hear from you. Join All Care Veterinary Centre and develop the skills, confidence and career you've been looking for. €32,000 - €35,000 a year Up to €35,000+ DOE We may use artificial intelligence (AI) tools to support parts of the hiring process, such as reviewing applications, analyzing resumes, or assessing responses and identifying potential inconsistencies or verification signals in application materials based on available information. These tools assist our recruitment team but do not replace human judgment. Final hiring decisions are ultimately made by humans. If you would like more information about how your data is processed, please contact us.",https://www.linkedin.com/jobs/view/4474963669,True
Veterinary Nurse,IVC Evidensia,"Mullingar, County Westmeath, Ireland",linkedin,"**Registered Veterinary Nurse** **Auburn Veterinary Hospital, Mullingar** **Full-time, Permanent | 40 hours per week** **Salary €32,000 to €35,000+ DOE** **Build a Career Where Your Nursing Skills Really Matter** Auburn Veterinary Hospital is looking for a Registered Veterinary Nurse to join our friendly and supportive team in Mullingar. Whether you're a newly qualified nurse looking to build confidence and gain hands-on experience, or an experienced RVN seeking a new challenge, this is an exciting opportunity to develop your career within a busy and rewarding clinical environment. We welcome applications from nurses at all stages of their professional journey and are committed to helping every team member reach their full potential. This is a practice where nurses are actively involved in patient care and encouraged to utilise their skills across all areas of nursing. You'll gain valuable exposure to a varied caseload, work closely with experienced veterinary colleagues and have the opportunity to develop confidence in both routine and advanced nursing procedures. No two days are the same, making this an ideal role for someone who enjoys variety, learning and being part of a collaborative team. **A Varied Role with Excellent Clinical Exposure** This position offers the opportunity to become involved in all aspects of first-opinion nursing, allowing you to build a broad and rewarding skill set. You'll play an important role in delivering high standards of patient care, supporting both medical and surgical cases from admission through to discharge. Your responsibilities will include inpatient care, anaesthesia monitoring, assisting in theatre, nurse consultations, laboratory work, preparing surgical equipment and kits, patient recovery, client communication and supporting the smooth running of the practice on a daily basis. We are passionate about ensuring our nurses are empowered to use their clinical skills and continue developing throughout their careers. For newly qualified nurses, this role provides excellent mentorship and support from an experienced team. For more experienced nurses, there are opportunities to take on additional responsibilities, pursue areas of clinical interest and continue expanding your expertise. **Develop Your Career in the Direction You Choose** At Auburn Veterinary Hospital, we believe every nurse should have the opportunity to pursue the areas of practice they are most passionate about. Whether your interests lie in surgery, anaesthesia, medical nursing, behaviour, nutrition, emergency and critical care, dentistry or another specialist area, we'll support you in achieving your goals. We are committed to investing in our people and are proud to offer full funding for further qualifications, certificates and professional development opportunities. This is a practice where career progression is actively encouraged, and where ambition and enthusiasm are recognised and supported. If you're looking for a role that offers genuine opportunities to grow and develop, you'll find plenty of support here. **Join a Team That Feels Like Family** Our team is made up of six Veterinary Surgeons, four Veterinary Nurses and an excellent support team who all play a vital role in creating the positive culture we're proud of today. We believe that providing exceptional patient care starts with supporting one another. Collaboration, respect and teamwork are at the heart of everything we do, and every member of the team is valued for the contribution they make. Whether we're working through a busy consultation list, caring for hospitalised patients or supporting each other with challenging cases, there's a genuine sense of camaraderie throughout the practice. You'll be joining a welcoming team of like-minded professionals who are passionate about veterinary care and committed to helping each other succeed. **Life in Mullingar** Auburn Veterinary Hospital is located in the heart of Mullingar, one of Ireland's most vibrant and accessible towns. Situated less than an hour from Dublin and well-served by public transport links, Mullingar offers the perfect combination of convenience, community and lifestyle. The area is renowned for its sporting culture, with opportunities to get involved in cycling, triathlon, rugby, GAA and a variety of other activities. The nearby canal and lakes provide excellent walking, cycling and water sports opportunities, while the town itself offers a fantastic selection of cafés, restaurants, pubs and social activities. For those seeking a fulfilling veterinary career combined with an excellent quality of life, Mullingar is a fantastic place to call home. **Work-Life Balance and Wellbeing** This is a full-time permanent position working 40 hours per week. We understand the importance of maintaining a healthy balance between work and personal life and are committed to supporting the wellbeing of our team through a range of initiatives and benefits designed to help you thrive both professionally and personally. **Benefits (Subject To Pro-Rata)** At Auburn Veterinary Hospital, we invest in our people because their success drives ours. Alongside a competitive salary, you’ll enjoy: **Work-Life Balance & Wellbeing** * 4.4 weeks annual leave + birthday leave * Paid maternity, paternity, and adoptive leave * Paid bereavement leave * Company sick pay * Employee Assistance Programme (EAP) * Cycle to Work scheme * Free flu jabs **Professional Development** * €600 CPD allowance + 3 paid days (pro rata) * Funded certificates, diplomas, and PhDs * Bespoke academies, including Graduate Nurse Academy and Nurse Evolve * Career progression pathways * Leadership Academy for future Head Nurses/Managers **Other Perks** * “Pawesome” perks – retail discounts, wellbeing centre, and more * Discounted veterinary fees for your own pets * Employer pension contributions * Access to internal groups such as LGBTQIA+, Wellbeing Champions, Clinical Board **Join Our Team** If you're looking for a role where you'll be encouraged to develop your skills, gain valuable clinical experience and become part of a genuinely supportive team, we'd love to hear from you. Auburn Veterinary Hospital offers the perfect opportunity to build a rewarding veterinary nursing career while making a real difference to patients, clients and colleagues every single day. €32,000 - €35,000 a year €32,000 to €35,000+ DOE We may use artificial intelligence (AI) tools to support parts of the hiring process, such as reviewing applications, analyzing resumes, or assessing responses and identifying potential inconsistencies or verification signals in application materials based on available information. These tools assist our recruitment team but do not replace human judgment. Final hiring decisions are ultimately made by humans. If you would like more information about how your data is processed, please contact us.",https://www.linkedin.com/jobs/view/4474965601,True
Warehouse Operative,Eden Recruitment,"County Dublin, Ireland",linkedin,"On behalf of our client in Dublin 22, we are hiring a Warehouse Operative to join their team. The Warehouse Operative is responsible for supporting the efficient day-to-day operation of the warehouse. This includes receiving and checking deliveries, picking and packing customer orders, loading and unloading goods, maintaining accurate stock records, and ensuring the warehouse is kept clean, organised, and safe. **Key Responsibilities:** * Receive, check, and put away incoming deliveries. * Pick products accurately according to customer or operational requirements. * Pack and prepare orders for dispatch. * Load and unload vehicles safely and efficiently. * Check goods for quantity, quality, and any visible damage. * Ensure stock is stored correctly and securely. * Carry out stock counts and assist with regular inventory checks. * Update warehouse and stock management systems accurately. * Prepare paperwork, labels, and delivery documentation as required. * Maintain a clean, tidy, and organised warehouse environment. * Follow all company health and safety procedures. **Essential Skills & Experience:** * Previous warehouse, logistics, distribution, or similar experience is desirable. * Good attention to detail and accuracy. * Ability to work effectively as part of a team. * Good communication skills. * Reliable, punctual, and able to follow instructions. * Ability to work in a fast-paced environment. Get in touch today!",https://www.linkedin.com/jobs/view/4462203312,True
Warehouse Operative (Evenings) - Naas,Aldi Ireland,"Naas, County Kildare, Ireland",linkedin,"At Aldi, every day is different. As a Operative, you play a key role in keeping our operations running smoothly. Using a headset to receive instructions, you’ll pick products accurately, check paperwork, and maintain safety while working efficiently in a high-energy environment. **Key Responsibilities** * Select products accurately and at pace to meet picking targets * Follow instructions carefully and double-check paperwork for accuracy * Operate Mechanical Handling Equipment (MHE) safely and efficiently (training provided) * Opportunities in our Ambient, Chiller and Freezer sections **Skills & Experience** * Hardworking and ready for a physical, fast paced role * Reliable and flexible with a can-do attitude in a fast-moving environment * Strong attention to detail, especially when picking stock **Our Benefits** * Competitive pay with pay rises linked to your time with Aldi * There is an additional premium for any hours worked during the nightshift of €2.30 per hour * There is an additional rate of €1.00 per hour for any hours worked in the freezer. * 30+ hours per week (minimum contract hours are 30 and can rise to an average of 36) * 4 weeks paid annual leave plus bank holidays * Comprehensive training and ongoing development to build your career * Access to wellbeing programmes and lifestyle discounts * Family leave including maternity, paternity, neonatal and adoption leave after one year * Shift times vary, however, we will always try to make sure you typically work 7-8 hours.",https://www.linkedin.com/jobs/view/4475561976,True
Workplace Events Coordinator,CBRE,"Dublin, County Dublin, Ireland",linkedin,"As a CBRE Workplace Events Coordinator, you will assistwith the coordination and execution of small to medium meetings, conferences,and events. **What You’ll Do** * Primarypoint of contact for smaller meetings and events. Provide support for largerand more complex meetings and events as needed. * Workwith clients, vendors, and team members to coordinate guest services. Thisincludes arrival experience, transportation, signage, displays, special needsrequirements, printing, and event security. * Createa hospitable environment for attendees, event owners, and vendors on the day ofthe event. * Assistwith conference room turnover and midday room refresh. Reconfigure rooms forevening indoor and outdoor spaces. Take direction from senior team members. * Respondto event activities such as gathering event supplies, equipment needs, food& beverage services, facility security, etc. * Conductroom set up, refresh, and removal of food, beverage, and service items.Maintain outlines of small space configurations, decor possibilities, andevent-related event items. * Completeroom checks and ensure technical and visual spaces are functional. Troubleshootaudio and technical issues. * Managea small inventory of event supplies. * Coordinatemaster meeting and events calendar for small to medium-sized event spaces.Communicate events schedule with team and service providers. * Assistwith post-event reporting and reconciliation. Escalate potential issues andconcerns as appropriate. * Useexisting procedures to solve straightforward problems while having a limitedopportunity to exercise discretion. * Impactthrough clearly defined duties, methods, and tasks are described in detail. * Deliverown output by following defined procedures and processes under closesupervision and guidance. **What You’ll Need** * Up to 2 yearsof job-related experience. * Fulfill the physical requirements associatedwith this role. This includes stooping, standing, walking, and climbing stairs.Must be able to lift/carry heavy loads of 50 lbs. or more. * Ability to follow basic work routines andstandards in the application of work. * Communication skills to exchangestraightforward information. * Working knowledge of Microsoft Officeproducts. Examples include Word, Excel, Outlook, etc. * Strong organizational skills with aninquisitive mindset.",https://www.linkedin.com/jobs/view/4475861878,True
Calling All Fresh Graduates: Build a Career in Recruitment,Access Healthcare,Greater Dublin,linkedin,"* **Build Your Career:** Join a clear career path with opportunities to progress based on your performance. * **Develop From Day One:** Structured training, ongoing coaching and development designed to help you succeed. * **Find Your People:** Join an ambitious, supportive team where success is recognised and celebrated. **The Role** As a Recruitment Consultant at Access, you'll connect healthcare professionals with new career opportunities. You'll build relationships, understand what people are looking for, manage opportunities, and develop the skills to become a successful recruitment professional. **Why Access?** * **Merit-Based Progression:** Your progression is based on what you achieve, not simply how long you've been here. * **Clear Career Path:** Recruitment Consultant → Senior Consultant → Leadership. * **Ongoing Development:** Keep learning through coaching, mentorship, and continuous development. * **Supportive Environment:** Work alongside experienced colleagues who want to see you succeed. * **Recognition:** Your achievements are noticed and celebrated. * **Real Responsibility:** Take ownership of your work and develop professionally from the start. **What You Can Earn** * **Uncapped monthly commission** * **Year 1:** Average performance can bring total compensation to around **€45K** * **Year 2:** Average performance can bring total compensation to around **€75K** **What We're Looking For** * Recent graduate or early-career professional, preferably with experience in a fast-paced environment. * Ambitious and motivated to build a long-term career. * Confident communicator who enjoys working with people. * Resilient and comfortable working towards targets. * Competitive mindset with a willingness to learn. * **Ability to commute to Dublin 2, Monday to Friday.** For more information, contact me at daniel.moreira@accesshealthcare.ie or call **+353 1 572 1201** .",https://www.linkedin.com/jobs/view/4474770209,False
Cybersecurity Graduate Consultant,Arup,"Dublin, County Dublin, Ireland",linkedin,"Graduate - Cybersecurity See it differently You see the world through a unique lens and that’s exactly what we need. We embrace how you see things differently – it’s essential for creating a sustainable future. Arup is a global consultancy with advisory and technical expertise across more than 150 disciplines. We guide, plan and design the future of the built environment. Globally, each year we recruit hundreds of graduates and students who help us see things differently and solve the most complex challenges facing our clients, climate and communities. The Opportunity The Cybersecurity team embodies Arup’s Total Design philosophy by integrating people, processes, technology and physical assets into cohesive cybersecurity strategies that are embedded from concept through to implementation. The team works with a variety of public sector organisations, including Transport Infrastructure Ireland. With reference to our Cybersecurity service within Digital Services, it exemplifies Arup’s Total Design by embedding cybersecurity and resilience governance frameworks, proactive cybersecurity risk intelligence and compliance assurance into the design, implementation and operational phase of projects—ensuring that systems, processes and people are holistically protected from cybersecurity threats. Arup is at the forefront of smart and connected building, city and transport technology and our cyber-advisory specialists have expertise in Operational Technology (OT), Industrial Automation Control Systems (IACS) and IoT technology. We advise clients on risk and vulnerability analysis and propose mitigation strategies that enhance infrastructure resilience and safety. This is an office-based role, with successful candidates expected to work 5 days per week in the Arup office in Cork or Dublin **The Candidate Will Be Expected To** * Deliver high-quality cyber advisory services to Arup projects and clients * Support cybersecurity risk, gap and assurance assessments across digital, cloud, system, application, AI, Data * Contribute to Operational Technology /Industrial Automation Control System security requirements, architectures and governance outputs * Engage with stakeholders to understand risks and provide clear recommendations * Support supplier assurance, documentation reviews and audit readiness * Produce structured deliverables (risk registers, requirements, reports, roadmaps, specifications) * Support proposals, scope development and delivery planning * Collaborate with multidisciplinary teams to embed cybersecurity into project outcomes Is this role right for you? Arup is looking for a technically capable cybersecurity Graduate with experience in cybersecurity risk-based advisory and assurance, who communicates clearly and enjoys working in multidisciplinary teams supporting the built environment and connected infrastructure For this opportunity, we are seeking the following qualifications, skills and attributes: **A Minimum Undergraduate / Bachelor's Level (or Equivalent) In** * Computer Science (incl. Cybersecurity); Data Science / Engineering * Risk Management; Threat & Vulnerability Management; Security Design; Network Security; Infrastructure Security; Application Security; Data Security; Cloud Security (AWS; Azure; Google Cloud); * Network Design; Application Design; Cybersecurity Management; NIST CSF; ISA/IEC 62443; ISO 19650; CompTIA Security+; CompTIA Cybersecurity Analyst+, CompTIA Network+; * Problem Solving; Technical Excellence; Communication (written and verbal) https://www.arup.com/en-us/services/technology-and-cybersecurity-consulting/ https://www.arup.com/services/resilience-security-and-risk/ * To be considered for a graduate opportunity, your application must include a copy of your academic transcript and meet the following criteria: * Full working rights in the country of application * No more than 12 months of full-time experience in a comparable role * Recently graduated, or on track to graduate, from your most recent degree, related to your role of choice, before employment starts. Alongside your degree, we look for the following core attributes; * Changemakers: A passion for sustainable development and creating a better world is key. * Innovative minds: We’re looking for critical thinkers who embrace new ideas and challenge the status quo. * Growth seekers: You have a growth mindset, always eager to learn and explore new ways of working. * Adaptable adventurers: You’re ready to take on any challenge that comes your way. **Closing date:** 12 November 2026 Please note, in the event of high applicant volume, this role may be closed ahead of the advertised closing date. Early application is recommended. **Eligibility** Please note that we are unable to offer visa sponsorship for this role. Therefore, you must ensure that you are eligible to work permanently in Ireland without our sponsorship. What we offer you At Arup, we care about each member’s success, so we can grow together. Guided by our values, we provide an attractive total reward package that recognises the contribution of each of our members to our shared success. As well as competitive, fair and equitable pay, we offer a career in which all of our members can belong, grow and thrive – through benefits that support health and wellbeing, a wide range of learning opportunities and many possibilities to have an impact through the work they do. We are owned in trust on behalf of our members, giving us the freedom, with personal responsibility, to set our own direction and choose work that aligns with our purpose and adds to Arup’s legacy. Our members collaborate on ambitious projects to deliver remarkable outcomes for our clients and communities. Profit Share is a key part of our reward, enabling permanent members to share in the results of our collective efforts. We take an approach to flexible working that supports the diversity and wellbeing of our graduates. Different people, shared values Arup is an equal opportunity employer that actively promotes and nurtures a diverse and inclusive workforce. We welcome applications from individuals of all backgrounds, regardless of age (within legal limits), gender identity or expression, marital status, disability, neurotype or mental health, race or ethnicity, faith or belief, sexual orientation, socioeconomic background, and whether you’re pregnant or on family leave. We are an open environment that embraces diverse experiences, perspectives, and ideas - this drives our excellence. Guided by our values and alignment with the UN Sustainable Development Goals, we create and contribute to equitable spaces and systems, while cultivating a sense of belonging for all. Our internal employee networks support our inclusive culture: from race, ethnicity and cross-cultural working to gender equity and LGBTQ+ and disability inclusion – we aim to create a space for you to express yourself and make a positive difference. Discover more about life at Arup at www.arup.com/careers/your-life-at-arup. We are an open environment that embraces diverse experiences, perspectives, and ideas. We are committed to providing an inclusive recruitment process. Candidates may inform us of any disability, learning difference, or other circumstance that may require reasonable adjustments for interviews or assessments. Any information provided will be used only to make appropriate arrangements and will not be considered in any other aspect of your application or selection process. #IRELAND\_GRADS",https://www.linkedin.com/jobs/view/4475821146,False
Graduate Development Programme - Supplier Management,Lidl Ireland,"Dublin, County Dublin, Ireland",linkedin,,https://www.linkedin.com/jobs/view/4459946754,False
Graduate Environmental Scientist (Dublin),Jacobs,"Dublin, County Dublin, Ireland",linkedin,,https://www.linkedin.com/jobs/view/4467057690,False
Graduate Transport Planner (Dublin),Jacobs,"Dublin, County Dublin, Ireland",linkedin,"At Jacobs, we're challenging today to reinvent tomorrow by solving the world's most critical problems for thriving cities, resilient environments, mission-critical outcomes, operational advancement, scientific discovery and cutting-edge manufacturing, turning abstract ideas into realities that transform the world for good. Your impact Join the Jacobs Graduate Development Program (GDP) and help shape better environments, communities and societies. Bring your passion, creativity and ambition — and together, we’ll create lasting change. **What You’ll Get** Our two‑year Graduate Development Program is designed to accelerate your growth as you begin your Jacobs career. Through blended learning, mentoring, progress reviews and networking, you’ll build capability across four key areas human skills, consulting skills, championing our strategy, and developing your personal passions. You’ll tailor your learning journey to your interests, career goals and technical strengths — creating a graduate experience that’s uniquely yours. Much of your development will come through real project work, supported by your manager and mentor to ensure you gain the experiences that matter most. The Graduate Development Program isn’t just a steppingstone — it’s a launchpad. You’ll gain the tools, exposure and support to unlock your potential, working on meaningful projects and collaborating with industry leaders to deliver solutions to complex challenges. **About The Opportunity** The Graduate Transport Planners/Engineers will join our Transport Planning and Mobility Solutions team which is part of our Cities & Places and Major Programmes business unit. We help create thriving places across different scales from regions to cities, neighbourhoods to sites, by offering an integrated design approach. Our business unit brings together transport planners, engineers, architects, designers, surveyors, urban designers and project managers to provide collaborative and coordinated value design solutions for our clients both nationally and internationally. Our team skillsets cover the full remit of transport planning across all modes; from high level policy and strategy advice through transport modelling/appraisal to active travel, streets design, traffic engineering and junction design. We are interested in hearing from candidates who are keen to develop a rounded set of skills, as well as those who have more specialised interests including but not limited to traffic engineering, active travel scheme design and transformational placemaking, transport decarbonisation, traffic management solutions or public transport schemes for example. You will have the support of a mentor, our management team and experts who will help guide your progress. You will also be given the opportunity to pursue relevant business and technical training to support your career development, as well as room to grow your network and knowledge base to create innovative solutions. We are looking for aspirational Graduate Transport Planners/Engineers to join our teams in the UK and Ireland. This opportunity is for a role in our Dublin office. The start date for this position is **September 2027.** Here's what you'll need * Be working towards a relevant Degree or Master’s level qualification in Transport Planning, Geography, Urban Planning, Economics, Data/Computer Science, Mathematics/Statistics, Civil Engineering, Physics or Natural Sciences * Hold a keen interest in transport planning and/or traffic engineering topics, such as healthy streets, walking, cycling and public transport planning, transport policy/strategy, transport modelling/appraisal, junction improvement, placemaking etc * A flexible, proactive mindset and motivation to drive your career forward * Adaptability and enthusiasm for learning * Permanent right to work in Ireland **Selection Process** * Apply Online * Solo Video Assessment * Interview Apply before **12 October 2026** to be considered in the first assessment window. Applications may still be accepted afterwards, but roles may be filled during the initial window. For further information, please see our brochure - https//jacobs-global.foleon.com/brochures/early-careers/ ; #EarlyCareersIreland #GraduateIreland #GraduateJob2027 #GraduateCareersIreland #GraduaterecruitmentIreland #GraduateJobsIreland #GraduateopportunitiesIreland Joining Jacobs not only connects you locally but globally. Our values stand on a foundation of safety, integrity, inclusion and belonging. We put people at the heart of our business, and we truly believe that by supporting one another through our culture of caring, we all succeed. We value positive mental health and a sense of belonging for all employees. With safety and flexibility always top of mind, we’ve gone beyond traditional ways of working so you have the support, means and space to maximize your potential. You’ll uncover flexible working arrangements, benefits, and opportunities, from well-being benefits to our global giving and volunteering program, to exploring new and inventive ways to help our clients make the world a better place. No matter what drives you, you’ll discover how you can cultivate, nurture, and achieve your goals – all at a single global company. Find out more about life at Jacobs. We aim to embed inclusion and belonging in everything we do. We know that if we are inclusive, we’re more connected and creative. We accept people for who they are, and we champion the richness of different perspectives, lived experiences and backgrounds in the workplace, as a source of learning and innovation. We are committed to building vibrant communities within Jacobs, including through our Jacobs Employee Networks, Communities of Practice and our Find Your Community initiatives, allowing every employee to find connection, purpose, and belonging. Find out more about our Jacobs Employee Networks here. Jacobs partners with VERCIDA to help us attract and retain talent from a wide range of backgrounds. For greater online accessibility please visit https//www.vercida.com/uk/employers/jacobs to view and access our roles. As a disability confident employer, we will interview disabled candidates who best meet the criteria. We welcome applications from candidates who are seeking flexible working and from those who may not meet all the listed requirements for a role. We value collaboration and believe that in-person interactions are crucial for both our culture and client delivery. We empower employees with our hybrid working policy, allowing them to split their work week between Jacobs offices/projects and remote locations enabling them to deliver their best work. Your application experience is important to us, and we’re keen to adapt to make every interaction even better. If you require further support or reasonable adjustments with regards to the recruitment process (for example, you require the application form in a different format), please contact the team via Careers Support.",https://www.linkedin.com/jobs/view/4467073653,False
Tom Ford Fragrance & Makeup specialistBT Dublin Full Time 4 Days,The Estée Lauder Companies Inc.,"Dublin, County Dublin, Ireland",linkedin,"**Description** As one of our highly skilled make-up artists you will combine your creative and technical expertise and passion for people to provide a welcoming, inspirational and personalized in-store experience which educates and delights our customers. You will also like working as part of a high performing team to create impact with in-store events and to ensure that the store always achieves our high standards of visual merchandising to stand out against our competitors. If you are a dynamic self-starter looking for a progressive career opportunity then this could be the perfect role for you and the first step of your career with a leader in prestige beauty. While certification in make up artistry and/or previous retail make up experience is desirable we also welcome applicants with amateur level experience. As a leader in prestige beauty with a culture that values diversity of thought and people, we offer excellent training and development and a competitive remuneration and benefits package. **Qualifications** * While a qualification in make-up artistry/previous retail make up experience is preferred, we welcome applicants with amateur level experience who are able to demonstrate a high level of creative and technical expertise * All applicants must be able to demonstrate the ability to provide inspirational, authentic and personalized customer service * Ability to work retail hours including days, nights, weekends and special events in a fast-paced work environment * Previous experience with retail point-of-sale software * Applicants must be able to provide proof of right to live and work in the country if invited to attend for interview",https://www.linkedin.com/jobs/view/4474274807,False
